App,Category,Rating,NumReviews,Size,Installs,Charge,Price,ContentRating
"Photo Editor & Candy Camera & Grid & ScrapBook",ART_AND_DESIGN,4.1,159,19M,10000,Free,0,Everyone
"Coloring book moana",ART_AND_DESIGN,3.9,967,14M,500000,Free,0,Everyone
"U Launcher Lite ‚Äì FREE Live Cool Themes, Hide Apps",ART_AND_DESIGN,4.7,87510,8.7M,5000000,Free,0,Everyone
"Sketch - Draw & Paint",ART_AND_DESIGN,4.5,215644,25M,50000000,Free,0,Teen
"Pixel Draw - Number Art Coloring Book",ART_AND_DESIGN,4.3,967,2.8M,100000,Free,0,Everyone
"Paper flowers instructions",ART_AND_DESIGN,4.4,167,5.6M,50000,Free,0,Everyone
"Smoke Effect Photo Maker - Smoke Editor",ART_AND_DESIGN,3.8,178,19M,50000,Free,0,Everyone
"Infinite Painter",ART_AND_DESIGN,4.1,36815,29M,1000000,Free,0,Everyone
"Garden Coloring Book",ART_AND_DESIGN,4.4,13791,33M,1000000,Free,0,Everyone
"Kids Paint Free - Drawing Fun",ART_AND_DESIGN,4.7,121,3.1M,10000,Free,0,Everyone
"Text on Photo - Fonteee",ART_AND_DESIGN,4.4,13880,28M,1000000,Free,0,Everyone
"Name Art Photo Editor - Focus n Filters",ART_AND_DESIGN,4.4,8788,12M,1000000,Free,0,Everyone
"Tattoo Name On My Photo Editor",ART_AND_DESIGN,4.2,44829,20M,10000000,Free,0,Teen
"Mandala Coloring Book",ART_AND_DESIGN,4.6,4326,21M,100000,Free,0,Everyone
"3D Color Pixel by Number - Sandbox Art Coloring",ART_AND_DESIGN,4.4,1518,37M,100000,Free,0,Everyone
"Learn To Draw Kawaii Characters",ART_AND_DESIGN,3.2,55,2.7M,5000,Free,0,Everyone
"Photo Designer - Write your name with shapes",ART_AND_DESIGN,4.7,3632,5.5M,500000,Free,0,Everyone
"350 Diy Room Decor Ideas",ART_AND_DESIGN,4.5,27,17M,10000,Free,0,Everyone
"FlipaClip - Cartoon animation",ART_AND_DESIGN,4.3,194216,39M,5000000,Free,0,Everyone
"ibis Paint X",ART_AND_DESIGN,4.6,224399,31M,10000000,Free,0,Everyone
"Logo Maker - Small Business",ART_AND_DESIGN,4,450,14M,100000,Free,0,Everyone
"Boys Photo Editor - Six Pack & Men's Suit",ART_AND_DESIGN,4.1,654,12M,100000,Free,0,Everyone
"Superheroes Wallpapers | 4K Backgrounds",ART_AND_DESIGN,4.7,7699,4.2M,500000,Free,0,"Everyone 10+"
"Mcqueen Coloring pages",ART_AND_DESIGN,4.3,61,7.0M,100000,Free,0,Everyone
"HD Mickey Minnie Wallpapers",ART_AND_DESIGN,4.7,118,23M,50000,Free,0,Everyone
"Harley Quinn wallpapers HD",ART_AND_DESIGN,4.8,192,6.0M,10000,Free,0,Everyone
"Colorfit - Drawing & Coloring",ART_AND_DESIGN,4.7,20260,25M,500000,Free,0,Everyone
"Animated Photo Editor",ART_AND_DESIGN,4.1,203,6.1M,100000,Free,0,Everyone
"Pencil Sketch Drawing",ART_AND_DESIGN,3.9,136,4.6M,10000,Free,0,Everyone
"Easy Realistic Drawing Tutorial",ART_AND_DESIGN,4.1,223,4.2M,100000,Free,0,Everyone
"Pink Silver Bow Keyboard Theme",ART_AND_DESIGN,4.2,1120,9.2M,100000,Free,0,Everyone
"Art Drawing Ideas",ART_AND_DESIGN,4.1,227,5.2M,50000,Free,0,Everyone
"Anime Manga Coloring Book",ART_AND_DESIGN,4.5,5035,11M,100000,Free,0,Everyone
"Easy Origami Ideas",ART_AND_DESIGN,4.2,1015,11M,100000,Free,0,Everyone
"I Creative Idea",ART_AND_DESIGN,4.7,353,4.2M,10000,Free,0,Teen
"How to draw Ladybug and Cat Noir",ART_AND_DESIGN,3.8,564,9.2M,100000,Free,0,Everyone
"UNICORN - Color By Number & Pixel Art Coloring",ART_AND_DESIGN,4.7,8145,24M,500000,Free,0,Everyone
"Floor Plan Creator",ART_AND_DESIGN,4.1,36639,"Varies with device",5000000,Free,0,Everyone
"PIP Camera - PIP Collage Maker",ART_AND_DESIGN,4.7,158,11M,10000,Free,0,Everyone
"How To Color Disney Princess - Coloring Pages",ART_AND_DESIGN,4,591,9.4M,500000,Free,0,Everyone
"Drawing Clothes Fashion Ideas",ART_AND_DESIGN,4.2,117,15M,10000,Free,0,Everyone
"Sad Poetry Photo Frames 2018",ART_AND_DESIGN,4.5,176,10M,100000,Free,0,Everyone
"Textgram - write on photos",ART_AND_DESIGN,4.4,295221,"Varies with device",10000000,Free,0,Everyone
"Paint Splash!",ART_AND_DESIGN,3.8,2206,1.2M,100000,Free,0,Everyone
"Popsicle Sticks and Similar DIY Craft Ideas",ART_AND_DESIGN,4.2,26,12M,10000,Free,0,Everyone
"Canva: Poster, banner, card maker & graphic design",ART_AND_DESIGN,4.7,174531,24M,10000000,Free,0,Everyone
"Install images with music to make video without Net - 2018",ART_AND_DESIGN,4.6,1070,26M,100000,Free,0,Everyone
"Little Teddy Bear Colouring Book Game",ART_AND_DESIGN,4.2,85,8.0M,100000,Free,0,Everyone
"How To Draw Food",ART_AND_DESIGN,4.3,845,7.9M,100000,Free,0,Everyone
"Monster Truck Stunt 3D 2019",AUTO_AND_VEHICLES,4.2,367,25M,100000,Free,0,Everyone
"Real Tractor Farming",AUTO_AND_VEHICLES,4,1598,56M,1000000,Free,0,Everyone
"Ultimate F1 Racing Championship",AUTO_AND_VEHICLES,3.8,284,57M,100000,Free,0,Everyone
"Used Cars and Trucks for Sale",AUTO_AND_VEHICLES,4.6,17057,"Varies with device",1000000,Free,0,Everyone
"American Muscle Car Race",AUTO_AND_VEHICLES,3.9,129,35M,100000,Free,0,Everyone
"Offroad Oil Tanker Driver Transport Truck 2019",AUTO_AND_VEHICLES,4.3,542,33M,100000,Free,0,Everyone
"Tickets SDA 2018 and Exam from the State Traffic Safety Inspectorate with Drom.ru",AUTO_AND_VEHICLES,4.9,10479,33M,100000,Free,0,Everyone
"Gas Prices (Germany only)",AUTO_AND_VEHICLES,4.4,805,5.6M,50000,Free,0,Everyone
"Extreme Rally Championship",AUTO_AND_VEHICLES,4.2,129,54M,100000,Free,0,Everyone
"Restart Navigator",AUTO_AND_VEHICLES,4,1403,201k,100000,Free,0,Everyone
"REG - Check the regnumber, find information about Swedish vehicles",AUTO_AND_VEHICLES,3.9,3971,3.6M,100000,Free,0,Everyone
"CityBus Lviv",AUTO_AND_VEHICLES,4.6,534,5.7M,10000,Free,0,Everyone
"CDL Practice Test 2018 Edition",AUTO_AND_VEHICLES,4.9,7774,17M,100000,Free,0,Everyone
"ezETC (ETC balance inquiry, meter trial, real-time traffic)",AUTO_AND_VEHICLES,4.3,38846,8.6M,1000000,Free,0,Everyone
"Free VIN Report for Used Cars",AUTO_AND_VEHICLES,4.6,2431,2.4M,100000,Free,0,Everyone
"DMV Permit Practice Test 2018 Edition",AUTO_AND_VEHICLES,4.9,6090,27M,100000,Free,0,Everyone
"Check Vehicle Tax",AUTO_AND_VEHICLES,3.9,295,2.7M,10000,Free,0,Everyone
"Used Cars Mexico",AUTO_AND_VEHICLES,4,190,2.5M,50000,Free,0,Everyone
"Ulysse Speedometer",AUTO_AND_VEHICLES,4.3,40211,"Varies with device",5000000,Free,0,Everyone
REPUVE,AUTO_AND_VEHICLES,3.9,356,"Varies with device",100000,Free,0,Everyone
"Used cars for sale - Trovit",AUTO_AND_VEHICLES,4.2,52530,7.0M,5000000,Free,0,Everyone
"Fines of the State Traffic Safety Inspectorate are official: inspection, payment of fines",AUTO_AND_VEHICLES,4.8,116986,35M,5000000,Free,0,Everyone
"SK Enca Direct Malls - Used Cars Search",AUTO_AND_VEHICLES,3.6,1379,16M,500000,Free,0,Everyone
"Android Auto - Maps, Media, Messaging & Voice",AUTO_AND_VEHICLES,4.2,271920,16M,10000000,Free,0,Teen
PDD-UA,AUTO_AND_VEHICLES,4.8,736,"Varies with device",100000,Free,0,Everyone
"Tickets SDA 2019 + Exam RF",AUTO_AND_VEHICLES,4.8,7021,17M,500000,Free,0,Everyone
"Super Cars Wallpapers And Backgrounds",AUTO_AND_VEHICLES,4.6,197,3.4M,50000,Free,0,Everyone
"Police Lights, Sirens & Follow Me",AUTO_AND_VEHICLES,4.5,737,8.9M,100000,Free,0,Everyone
"Police Detector (Speed Camera Radar)",AUTO_AND_VEHICLES,4.3,3574,3.9M,1000000,Free,0,"Everyone 10+"
"Best Car Wallpapers",AUTO_AND_VEHICLES,4.5,994,2.9M,100000,Free,0,Everyone
"Tickets + PDA 2018 Exam",AUTO_AND_VEHICLES,4.9,197136,38M,1000000,Free,0,Everyone
"Pick Your Part Garage",AUTO_AND_VEHICLES,3.9,142,32M,50000,Free,0,Everyone
"PakWheels: Buy & Sell Cars",AUTO_AND_VEHICLES,4.4,15168,37M,1000000,Free,0,Everyone
"Supervision service",AUTO_AND_VEHICLES,4,2155,15M,500000,Free,0,Everyone
"Speed Camera Detector - Traffic & Speed Alert",AUTO_AND_VEHICLES,4.3,138,5.4M,100000,Free,0,Everyone
"Used car search Goo net whole car Go to net",AUTO_AND_VEHICLES,3.7,5414,18M,1000000,Free,0,Everyone
"CarMax ‚Äì Cars for Sale: Search Used Car Inventory",AUTO_AND_VEHICLES,4.4,21777,"Varies with device",1000000,Free,0,Everyone
"BEST CAR SOUNDS",AUTO_AND_VEHICLES,4.3,348,38M,100000,Free,0,Everyone
"RST - Sale of cars on the PCT",AUTO_AND_VEHICLES,3.2,250,1.1M,100000,Free,0,Everyone
"AutoScout24 Switzerland ‚Äì Find your new car",AUTO_AND_VEHICLES,4.6,13372,"Varies with device",1000000,Free,0,Everyone
"Zona Azul Digital F√°cil SP CET - OFFICIAL S√£o Paulo",AUTO_AND_VEHICLES,4.6,7880,"Varies with device",100000,Free,0,Everyone
"SMS Park",AUTO_AND_VEHICLES,4.5,3617,7.9M,100000,Free,0,Everyone
SKencar,AUTO_AND_VEHICLES,3.7,4806,35M,1000000,Free,0,Everyone
"Fuelio: Gas log & costs",AUTO_AND_VEHICLES,4.6,65786,"Varies with device",1000000,Free,0,Everyone
"auto fines",AUTO_AND_VEHICLES,4.6,31433,17M,1000000,Free,0,Everyone
"Used car is the first car - used car purchase, used car quotation, dealer information to",AUTO_AND_VEHICLES,4.6,5097,19M,1000000,Free,0,Everyone
"All of the parking lot - National Park application (parking lot search / parking sharing / discount payment)",AUTO_AND_VEHICLES,4,1754,14M,500000,Free,0,Everyone
"Inquiry Fines and Debits of Vehicles",AUTO_AND_VEHICLES,4.4,2680,2.2M,500000,Free,0,Everyone
"Gas Station",AUTO_AND_VEHICLES,4,1288,4.5M,100000,Free,0,Everyone
"Hush - Beauty for Everyone",BEAUTY,4.7,18900,17M,500000,Free,0,Everyone
"ipsy: Makeup, Beauty, and Tips",BEAUTY,4.9,49790,14M,1000000,Free,0,Everyone
"Natural recipes for your beauty",BEAUTY,4.7,1150,9.8M,100000,Free,0,Everyone
"BestCam Selfie-selfie, beauty camera, photo editor",BEAUTY,3.9,1739,21M,500000,Free,0,Everyone
"Mirror - Zoom & Exposure -",BEAUTY,3.9,32090,"Varies with device",1000000,Free,0,Everyone
"Beauty Selfie Camera",BEAUTY,4.2,2225,52M,500000,Free,0,Everyone
"Hairstyles step by step",BEAUTY,4.6,4369,14M,100000,Free,0,Everyone
"Filters for Selfie",BEAUTY,4.3,8572,25M,1000000,Free,0,Everyone
"Tie - Always be happy",BEAUTY,4.7,964,9.0M,50000,Free,0,Everyone
"Ulta Beauty",BEAUTY,4.7,42050,"Varies with device",1000000,Free,0,Everyone
"Prom MakeUp Tutorial",BEAUTY,4.8,104,12M,10000,Free,0,Everyone
"Selfie Camera",BEAUTY,4.2,17934,"Varies with device",1000000,Free,0,Everyone
"Sweet Selfie Beauty Camera",BEAUTY,4.3,601,35M,100000,Free,0,Everyone
"Colors of white in Urdu",BEAUTY,4.5,36,6.7M,10000,Free,0,Everyone
"Selfie Camera Photo Editor & Filter & Sticker",BEAUTY,4.1,187,30M,50000,Free,0,Teen
"Wrinkles and rejuvenation",BEAUTY,4.3,182,5.7M,100000,Free,0,"Everyone 10+"
"Eyes Makeup Beauty Tips",BEAUTY,4.2,30,2.9M,10000,Free,0,Everyone
"Photo Editor 2018",BEAUTY,4.5,134,17M,10000,Free,0,Everyone
"Step By Step Eyes Makeup Tutorial",BEAUTY,4.4,74,2.9M,10000,Free,0,Everyone
"Beauty Camera - Selfie Camera",BEAUTY,4,113715,"Varies with device",10000000,Free,0,Everyone
"Girls Hairstyles",BEAUTY,4.1,3595,"Varies with device",500000,Free,0,Everyone
"Mirror Camera (Mirror + Selfie Camera)",BEAUTY,4.1,9315,2.6M,1000000,Free,0,Everyone
"Beauty Tips - Beauty Tips in Sinhala",BEAUTY,4.4,75,4.2M,50000,Free,0,Everyone
"Haircut Tutorials/Haircut Videos",BEAUTY,4.6,38,7.1M,10000,Free,0,Everyone
"Sephora: Skin Care, Beauty Makeup & Fragrance Shop",BEAUTY,4.5,26834,57M,1000000,Free,0,Everyone
"Manicure - nail design",BEAUTY,4.3,119,3.7M,50000,Free,0,Everyone
"Sticker Camera - Selfie Filters, Beauty Camera",BEAUTY,3.9,2277,22M,500000,Free,0,Everyone
"Filters for B Live",BEAUTY,4.4,2280,24M,500000,Free,0,Everyone
"Skin Care and Natural Beauty",BEAUTY,4.3,654,7.4M,100000,Free,0,Teen
"Facial Wrinkle Reduction",BEAUTY,4.6,184,21M,10000,Free,0,Everyone
"Makeup Videos",BEAUTY,3.8,9,3.4M,5000,Free,0,Everyone
"Secrets of beauty, youth and health",BEAUTY,4.3,77,2.9M,10000,Free,0,"Mature 17+"
"Recipes and tips for losing weight",BEAUTY,4.3,35,3.1M,10000,Free,0,"Everyone 10+"
"Discover Color",BEAUTY,4,364,6.4M,100000,Free,0,Everyone
"Eyeliner step by step 2018",BEAUTY,4.3,18,3.2M,5000,Free,0,Everyone
"Dresses Ideas & Fashions +3000",BEAUTY,4.5,473,8.2M,100000,Free,0,"Mature 17+"
"Lady adviser (beauty, health)",BEAUTY,4.3,30,9.9M,10000,Free,0,"Mature 17+"
"Step By Step Hairstyles For Women",BEAUTY,4.1,66,2.9M,10000,Free,0,Everyone
"Rainbow Camera",BEAUTY,3.7,3871,23M,1000000,Free,0,Everyone
"Methods of teeth whitening",BEAUTY,4.7,257,4.6M,50000,Free,0,Everyone
"Girls hairstyles 2018",BEAUTY,4.2,62,3.1M,10000,Free,0,Everyone
"Wattpad üìñ Free Books",BOOKS_AND_REFERENCE,4.6,2914724,"Varies with device",100000000,Free,0,Teen
"E-Book Read - Read Book for free",BOOKS_AND_REFERENCE,4.5,1857,4.9M,50000,Free,0,Everyone
"Download free book with green book",BOOKS_AND_REFERENCE,4.6,4478,9.5M,100000,Free,0,"Everyone 10+"
Wikipedia,BOOKS_AND_REFERENCE,4.4,577550,"Varies with device",10000000,Free,0,Everyone
"Amazon Kindle",BOOKS_AND_REFERENCE,4.2,814080,"Varies with device",100000000,Free,0,Teen
"Cool Reader",BOOKS_AND_REFERENCE,4.5,246315,"Varies with device",10000000,Free,0,Everyone
"Dictionary - Merriam-Webster",BOOKS_AND_REFERENCE,4.5,454060,"Varies with device",10000000,Free,0,Everyone
"NOOK: Read eBooks & Magazines",BOOKS_AND_REFERENCE,4.5,155446,"Varies with device",10000000,Free,0,Teen
"Free Panda Radio Music",BOOKS_AND_REFERENCE,4.5,418,4.2M,100000,Free,0,Everyone
"Book store",BOOKS_AND_REFERENCE,4.4,22486,5.4M,1000000,Free,0,Teen
"FBReader: Favorite Book Reader",BOOKS_AND_REFERENCE,4.5,203130,"Varies with device",10000000,Free,0,Everyone
"English Grammar Complete Handbook",BOOKS_AND_REFERENCE,4.6,1435,2.8M,500000,Free,0,Everyone
"Free Books - Spirit Fanfiction and Stories",BOOKS_AND_REFERENCE,4.8,116507,5.0M,1000000,Free,0,Teen
"Google Play Books",BOOKS_AND_REFERENCE,3.9,1433233,"Varies with device",1000000000,Free,0,Teen
"AlReader -any text book reader",BOOKS_AND_REFERENCE,4.6,90468,5.9M,5000000,Free,0,Everyone
"Offline English Dictionary",BOOKS_AND_REFERENCE,4.2,860,13M,100000,Free,0,Everyone
"Oxford Dictionary of English : Free",BOOKS_AND_REFERENCE,4.1,363934,7.1M,10000000,Free,0,Everyone
"Offline: English to Tagalog Dictionary",BOOKS_AND_REFERENCE,4.7,967,6.7M,500000,Free,0,Everyone
"Spanish English Translator",BOOKS_AND_REFERENCE,4.2,87873,"Varies with device",10000000,Free,0,Teen
"FamilySearch Tree",BOOKS_AND_REFERENCE,4.3,17506,17M,1000000,Free,0,Everyone
"Cloud of Books",BOOKS_AND_REFERENCE,3.3,1862,19M,1000000,Free,0,Everyone
"Recipes of Prophetic Medicine for free",BOOKS_AND_REFERENCE,4.6,2084,6.7M,500000,Free,0,Everyone
"ReadEra ‚Äì free ebook reader",BOOKS_AND_REFERENCE,4.8,47303,21M,1000000,Free,0,Everyone
"NOOK App for NOOK Devices",BOOKS_AND_REFERENCE,4.7,19080,"Varies with device",500000,Free,0,Everyone
"Anonymous caller detection",BOOKS_AND_REFERENCE,4.3,161,2.7M,10000,Free,0,Everyone
"Ebook Reader",BOOKS_AND_REFERENCE,4.1,85842,37M,5000000,Free,0,Everyone
"Litnet - E-books",BOOKS_AND_REFERENCE,4.6,7831,15M,100000,Free,0,Teen
"Read books online",BOOKS_AND_REFERENCE,4.1,91615,23M,5000000,Free,0,"Mature 17+"
"English to Urdu Dictionary",BOOKS_AND_REFERENCE,4.6,4620,19M,500000,Free,0,Everyone
"eBoox: book reader fb2 epub zip",BOOKS_AND_REFERENCE,4.7,21336,23M,1000000,Free,0,Everyone
"English Persian Dictionary",BOOKS_AND_REFERENCE,4.5,26875,73M,500000,Free,0,Everyone
Flybook,BOOKS_AND_REFERENCE,3.9,1778,4.9M,500000,Free,0,"Mature 17+"
"All Maths Formulas",BOOKS_AND_REFERENCE,4.4,2709,6.8M,1000000,Free,0,Everyone
Ancestry,BOOKS_AND_REFERENCE,4.3,64513,"Varies with device",5000000,Free,0,Everyone
"HTC Help",BOOKS_AND_REFERENCE,4.2,8342,"Varies with device",10000000,Free,0,Everyone
"English translation from Bengali",BOOKS_AND_REFERENCE,4.5,527,2.9M,100000,Free,0,Everyone
"Pdf Book Download - Read Pdf Book",BOOKS_AND_REFERENCE,4.4,1322,3.5M,100000,Free,0,Everyone
"Free Book Reader",BOOKS_AND_REFERENCE,3.4,1680,4.0M,100000,Free,0,Everyone
"eBoox new: Reader for fb2 epub zip books",BOOKS_AND_REFERENCE,4.9,2739,21M,50000,Free,0,Everyone
"Only 30 days in English, the guideline is guaranteed",BOOKS_AND_REFERENCE,4.6,1065,2.3M,500000,Free,0,Everyone
"Moon+ Reader",BOOKS_AND_REFERENCE,4.4,233757,"Varies with device",10000000,Free,0,Everyone
"SH-02J Owner's Manual (Android 8.0)",BOOKS_AND_REFERENCE,4.3,2,7.2M,50000,Free,0,Everyone
"English-Myanmar Dictionary",BOOKS_AND_REFERENCE,4.4,8788,10M,1000000,Free,0,Everyone
"Golden Dictionary (EN-AR)",BOOKS_AND_REFERENCE,4.4,51269,6.1M,1000000,Free,0,Everyone
"All Language Translator Free",BOOKS_AND_REFERENCE,4.4,30105,2.1M,1000000,Free,0,Everyone
"Azpen eReader",BOOKS_AND_REFERENCE,3.5,156,42M,500000,Free,0,Everyone
"URBANO V 02 instruction manual",BOOKS_AND_REFERENCE,4.3,114,7.3M,100000,Free,0,Everyone
"English Dictionary - Offline",BOOKS_AND_REFERENCE,4.4,341157,30M,10000000,Free,0,"Everyone 10+"
"Visual Voicemail by MetroPCS",BUSINESS,4.1,16129,"Varies with device",10000000,Free,0,Everyone
"Indeed Job Search",BUSINESS,4.3,674730,"Varies with device",50000000,Free,0,Everyone
"Uber Driver",BUSINESS,4.4,1254730,"Varies with device",10000000,Free,0,Everyone
"ADP Mobile Solutions",BUSINESS,4.3,85185,29M,5000000,Free,0,Everyone
"Snag - Jobs Hiring Now",BUSINESS,4.3,32584,"Varies with device",1000000,Free,0,Everyone
"Docs To Go‚Ñ¢ Free Office Suite",BUSINESS,4.1,217730,"Varies with device",50000000,Free,0,Everyone
"Google My Business",BUSINESS,4.4,70991,"Varies with device",5000000,Free,0,Everyone
"OfficeSuite : Free Office + PDF Editor",BUSINESS,4.3,1002861,35M,100000000,Free,0,Everyone
"USPS MOBILE¬Æ",BUSINESS,3.9,16589,9.1M,1000000,Free,0,Everyone
"Job Search by ZipRecruiter",BUSINESS,4.8,148945,25M,1000000,Free,0,Everyone
"Curriculum vitae App CV Builder Free Resume Maker",BUSINESS,4.5,4458,3.9M,500000,Free,0,Everyone
"Google Primer",BUSINESS,4.4,62272,18M,10000000,Free,0,Everyone
"Alba Heaven - Alvarez Job Portal Services",BUSINESS,4,8941,12M,5000000,Free,0,Everyone
SuperLivePro,BUSINESS,4.3,46353,21M,1000000,Free,0,Everyone
"Facebook Pages Manager",BUSINESS,4,1279184,"Varies with device",50000000,Free,0,Everyone
"OfficeSuite Pro + PDF (Trial)",BUSINESS,4.2,88073,"Varies with device",10000000,Free,0,Everyone
"My Space - Employment Center",BUSINESS,4.5,67000,"Varies with device",1000000,Free,0,Everyone
Box,BUSINESS,4.2,159872,"Varies with device",10000000,Free,0,Everyone
"Polaris Office for LG",BUSINESS,4.2,30847,55M,5000000,Free,0,Everyone
"Call Blocker",BUSINESS,4.6,188841,3.2M,5000000,Free,0,Everyone
"Jobs in Alabama - Jobs in Alba",BUSINESS,4.1,11622,"Varies with device",5000000,Free,0,Everyone
"Square Point of Sale - POS",BUSINESS,4.6,95912,"Varies with device",5000000,Free,0,Everyone
"Plugin:AOT v5.0",BUSINESS,3.1,4034,23k,100000,Free,0,Everyone
Kariyer.net,BUSINESS,3.9,45964,16M,1000000,Free,0,Everyone
"SEEK Job Search",BUSINESS,4.3,14955,"Varies with device",1000000,Free,0,Everyone
"Become a Job - Find a job or advertise",BUSINESS,4.1,6903,14M,1000000,Free,0,Everyone
"ZOOM Cloud Meetings",BUSINESS,4.4,31614,37M,10000000,Free,0,Everyone
"Easy Installer - Apps On SD",BUSINESS,4.1,23055,"Varies with device",5000000,Free,0,Everyone
"Facebook Ads Manager",BUSINESS,4.1,19023,"Varies with device",1000000,Free,0,Everyone
"IndiaMART: Search Products, Buy, Sell & Trade",BUSINESS,4.5,207372,11M,5000000,Free,0,Everyone
"ViettelPost express delivery",BUSINESS,4.4,1225,25M,100000,Free,0,Everyone
"MyASUS - Service Center",BUSINESS,4.4,380837,7.3M,10000000,Free,0,Everyone
"Job Korea - Career Jobs",BUSINESS,4.3,10600,6.5M,1000000,Free,0,Everyone
"104 Looking for a job - looking for a job, looking for a job, looking for a part-time job, health checkup, resume, treatment room",BUSINESS,4.4,74359,25M,1000000,Free,0,Everyone
"Myanmar 2D/3D",BUSINESS,4.6,822,3.1M,100000,Free,0,Everyone
"Quick PDF Scanner + OCR FREE",BUSINESS,4.2,80805,"Varies with device",5000000,Free,0,Everyone
sABN,BUSINESS,4.4,2287,1.5M,1000000,Free,0,Everyone
"ATI Cargoes and Transportation",BUSINESS,4.7,4162,7.5M,100000,Free,0,Everyone
"Secure Folder",BUSINESS,3.8,14760,8.6M,50000000,Free,0,Everyone
"UPS Mobile",BUSINESS,3.9,23243,"Varies with device",5000000,Free,0,Everyone
"Y! Mobile menu",BUSINESS,4.3,9,1.2M,100000,Free,0,Everyone
"SignEasy | Sign and Fill PDF and other Documents",BUSINESS,4.3,8978,"Varies with device",1000000,Free,0,Everyone
"Quick PDF Scanner + OCR FREE",BUSINESS,4.2,80805,"Varies with device",5000000,Free,0,Everyone
"Genius Scan - PDF Scanner",BUSINESS,4.4,42492,"Varies with device",1000000,Free,0,Everyone
"Tiny Scanner - PDF Scanner App",BUSINESS,4.7,286897,39M,10000000,Free,0,Everyone
"Fast Scanner : Free PDF Scan",BUSINESS,4.5,103755,14M,10000000,Free,0,Everyone
"Mobile Doc Scanner (MDScan) Lite",BUSINESS,4.2,46505,19M,1000000,Free,0,Everyone
"TurboScan: scan documents and receipts in PDF",BUSINESS,4.7,11442,6.8M,100000,Paid,4.99,Everyone
"Tiny Scanner Pro: PDF Doc Scan",BUSINESS,4.8,10295,39M,100000,Paid,4.99,Everyone
Box,BUSINESS,4.2,159872,"Varies with device",10000000,Free,0,Everyone
Zenefits,BUSINESS,4.2,296,14M,50000,Free,0,Everyone
"Google Ads",BUSINESS,4.3,29313,20M,5000000,Free,0,Everyone
"Google My Business",BUSINESS,4.4,70991,"Varies with device",5000000,Free,0,Everyone
Slack,BUSINESS,4.4,51507,"Varies with device",5000000,Free,0,Everyone
"FreshBooks Classic",BUSINESS,4.1,1802,26M,100000,Free,0,Everyone
"Insightly CRM",BUSINESS,3.8,1383,51M,100000,Free,0,Everyone
"QuickBooks Accounting: Invoicing & Expenses",BUSINESS,4.3,23175,41M,1000000,Free,0,Everyone
"HipChat - Chat Built for Teams",BUSINESS,3.8,5868,20M,500000,Free,0,Everyone
"Xero Accounting Software",BUSINESS,3.5,2111,"Varies with device",100000,Free,0,Everyone
"MailChimp - Email, Marketing Automation",BUSINESS,4.1,5448,12M,500000,Free,0,Everyone
"Crew - Free Messaging and Scheduling",BUSINESS,4.6,4159,48M,500000,Free,0,Everyone
"Asana: organize team projects",BUSINESS,4.3,20815,10M,1000000,Free,0,Everyone
"Google Analytics",BUSINESS,4.5,78662,22M,1000000,Free,0,Everyone
"AdWords Express",BUSINESS,4.1,7149,11M,1000000,Free,0,Everyone
"Accounting App - Zoho Books",BUSINESS,4.5,3079,8.5M,100000,Free,0,Everyone
"Invoice & Time Tracking - Zoho",BUSINESS,4.6,5800,8.6M,100000,Free,0,Everyone
"join.me - Simple Meetings",BUSINESS,4,6989,"Varies with device",1000000,Free,0,Everyone
"Invoice 2go ‚Äî Professional Invoices and Estimates",BUSINESS,4.2,16422,28M,1000000,Free,0,Everyone
"Cisco Webex Meetings",BUSINESS,4.4,108741,28M,10000000,Free,0,Everyone
"ZOOM Cloud Meetings",BUSINESS,4.4,31614,37M,10000000,Free,0,Everyone
"ScreenMeet. Easy Phone Meeting",BUSINESS,4,624,9.0M,100000,Free,0,Everyone
"Cisco Webex Teams",BUSINESS,4.2,1661,46M,100000,Free,0,Everyone
"Microsoft Remote Desktop",BUSINESS,4.2,97702,"Varies with device",5000000,Free,0,Everyone
"Start Meeting",BUSINESS,4.1,308,14M,50000,Free,0,Everyone
"join.me - Simple Meetings",BUSINESS,4,6989,"Varies with device",1000000,Free,0,Everyone
"ClickMeeting Webinars",BUSINESS,3.8,5211,26M,1000000,Free,0,Everyone
"BlueJeans for Android",BUSINESS,3.9,1058,23M,500000,Free,0,Everyone
"Skype for Business for Android",BUSINESS,3.9,78172,"Varies with device",10000000,Free,0,Everyone
Box,BUSINESS,4.2,159872,"Varies with device",10000000,Free,0,Everyone
Zenefits,BUSINESS,4.2,296,14M,50000,Free,0,Everyone
"Google Ads",BUSINESS,4.3,29313,20M,5000000,Free,0,Everyone
"Google My Business",BUSINESS,4.4,70991,"Varies with device",5000000,Free,0,Everyone
Slack,BUSINESS,4.4,51507,"Varies with device",5000000,Free,0,Everyone
"FreshBooks Classic",BUSINESS,4.1,1802,26M,100000,Free,0,Everyone
"Insightly CRM",BUSINESS,3.8,1383,51M,100000,Free,0,Everyone
"QuickBooks Accounting: Invoicing & Expenses",BUSINESS,4.3,23175,41M,1000000,Free,0,Everyone
"HipChat - Chat Built for Teams",BUSINESS,3.8,5868,20M,500000,Free,0,Everyone
"Xero Accounting Software",BUSINESS,3.5,2111,"Varies with device",100000,Free,0,Everyone
"MailChimp - Email, Marketing Automation",BUSINESS,4.1,5448,12M,500000,Free,0,Everyone
"Crew - Free Messaging and Scheduling",BUSINESS,4.6,4159,48M,500000,Free,0,Everyone
"Asana: organize team projects",BUSINESS,4.3,20815,10M,1000000,Free,0,Everyone
"Google Analytics",BUSINESS,4.5,78662,22M,1000000,Free,0,Everyone
"AdWords Express",BUSINESS,4.1,7149,11M,1000000,Free,0,Everyone
"Accounting App - Zoho Books",BUSINESS,4.5,3079,8.5M,100000,Free,0,Everyone
"Invoice & Time Tracking - Zoho",BUSINESS,4.6,5800,8.6M,100000,Free,0,Everyone
"join.me - Simple Meetings",BUSINESS,4,6989,"Varies with device",1000000,Free,0,Everyone
"Invoice 2go ‚Äî Professional Invoices and Estimates",BUSINESS,4.2,16422,28M,1000000,Free,0,Everyone
"SignEasy | Sign and Fill PDF and other Documents",BUSINESS,4.3,8978,"Varies with device",1000000,Free,0,Everyone
"Quick PDF Scanner + OCR FREE",BUSINESS,4.2,80804,"Varies with device",5000000,Free,0,Everyone
"Genius Scan - PDF Scanner",BUSINESS,4.4,42492,"Varies with device",1000000,Free,0,Everyone
"Tiny Scanner - PDF Scanner App",BUSINESS,4.7,286897,39M,10000000,Free,0,Everyone
"Fast Scanner : Free PDF Scan",BUSINESS,4.5,103755,14M,10000000,Free,0,Everyone
"Mobile Doc Scanner (MDScan) Lite",BUSINESS,4.2,46505,19M,1000000,Free,0,Everyone
"TurboScan: scan documents and receipts in PDF",BUSINESS,4.7,11442,6.8M,100000,Paid,4.99,Everyone
"Tiny Scanner Pro: PDF Doc Scan",BUSINESS,4.8,10295,39M,100000,Paid,4.99,Everyone
"Docs To Go‚Ñ¢ Free Office Suite",BUSINESS,4.1,217730,"Varies with device",50000000,Free,0,Everyone
"OfficeSuite : Free Office + PDF Editor",BUSINESS,4.3,1002859,35M,100000000,Free,0,Everyone
Slack,BUSINESS,4.4,51510,"Varies with device",5000000,Free,0,Everyone
"Verify - Receipts & Expenses",BUSINESS,4.5,413,29M,10000,Free,0,Everyone
"QuickBooks Accounting: Invoicing & Expenses",BUSINESS,4.3,23175,41M,1000000,Free,0,Everyone
"LINE WEBTOON - Free Comics",COMICS,4.5,1013635,"Varies with device",10000000,Free,0,Teen
"Manga Master - Best manga & comic reader",COMICS,4.6,24005,4.9M,500000,Free,0,"Adults only 18+"
"GANMA! - All original stories free of charge for all original comics",COMICS,4.7,57106,27M,1000000,Free,0,Teen
"R√∂hrich Werner Soundboard",COMICS,4.7,2249,32M,500000,Free,0,Everyone
"Unicorn Pokez - Color By Number",COMICS,4.8,516,12M,50000,Free,0,Everyone
"MangaToon - Comics updated Daily",COMICS,3.9,834,15M,50000,Free,0,"Mature 17+"
"Manga Net ‚Äì Best Online Manga Reader",COMICS,4.1,1010,11M,50000,Free,0,"Mature 17+"
"Manga Rock - Best Manga Reader",COMICS,4.4,238970,28M,1000000,Free,0,Teen
"Manga - read Thai translation",COMICS,4.6,302,2.2M,10000,Free,0,Teen
"The Vietnam Story - Fun Stories",COMICS,4.5,438,3.4M,10000,Free,0,Everyone
"Dragon Ball Wallpaper - Ringtones",COMICS,4.7,73,8.3M,10000,Free,0,Everyone
"Funny Jokes Photos",COMICS,4.4,39,4.3M,10000,Free,0,"Everyone 10+"
"Truy·ªán Vui T√Ω Qu·∫≠y",COMICS,4.5,144,4.7M,10000,Free,0,Everyone
"Comic Es - Shojo manga / love comics free of charge ‚ô™ ‚ô™",COMICS,3.9,2181,10M,100000,Free,0,Teen
"comico Popular Original Cartoon Updated Everyday Comico",COMICS,3.2,93965,15M,5000000,Free,0,Teen
"Daily Manga - Comic & Webtoon",COMICS,3.2,1446,7.1M,100000,Free,0,"Mature 17+"
"Êº´Âíñ Comics - Manga,Novel and Stories",COMICS,4.1,12088,21M,1000000,Free,0,"Mature 17+"
"Emmanuella Funny Videos 2018",COMICS,4.5,314,6.1M,100000,Free,0,Everyone
"DC Comics",COMICS,4.2,25671,"Varies with device",1000000,Free,0,Teen
"Manga Zero - Japanese cartoon and comic reader",COMICS,4.2,15194,15M,1000000,Free,0,Teen
"Marvel Unlimited",COMICS,3.7,22551,11M,1000000,Free,0,Teen
"Tapas ‚Äì Comics, Novels, and Stories",COMICS,4.5,29839,29M,1000000,Free,0,Teen
"Children's cartoons (Mithu-Mina-Raju)",COMICS,4.6,279,3.3M,100000,Free,0,Everyone
"Narrator's Voice",COMICS,4.5,564387,"Varies with device",5000000,Free,0,Everyone
"„ÄêRanobbe complete free„Äë Novelba - Free app that you can read and write novels",COMICS,4.3,1330,22M,50000,Free,0,Everyone
"Faustop Sounds",COMICS,4.7,1677,40M,100000,Free,0,Everyone
"Manga Mania - Best online manga reader",COMICS,4.4,757,10M,10000,Free,0,Teen
#NAME?,COMICS,3.5,115,9.1M,10000,Free,0,"Mature 17+"
"Manga AZ - Manga Comic Reader",COMICS,3.3,125,4.7M,5000,Free,0,Teen
"Buff Thun - Daily Free Webtoon / Comics / Web Fiction / Mini Game",COMICS,4.5,9952,38M,500000,Free,0,"Everyone 10+"
"pixiv comic - everyone's manga app",COMICS,4.4,18814,"Varies with device",1000000,Free,0,"Mature 17+"
"Funny Jokes and Stories 2018",COMICS,4.2,21,6.7M,5000,Free,0,Everyone
"Hojiboy Tojiboyev Life Hacks",COMICS,5,15,37M,1000,Free,0,Everyone
"Perfect Viewer",COMICS,4.4,51981,"Varies with device",5000000,Free,0,Everyone
"Best Wallpapers Backgrounds(100,000+ 4K HD)",COMICS,4.7,3596,7.8M,10000,Free,0,Teen
"think Comics",COMICS,4.4,1006,19M,50000,Free,0,Everyone
"Memes Button",COMICS,4.4,5968,5.7M,1000000,Free,0,Everyone
"Laftel - Watching and Announcing Snooping, Streaming",COMICS,4.6,4895,35M,100000,Free,0,Everyone
"Messenger ‚Äì Text and Video Chat for Free",COMMUNICATION,4,56642847,"Varies with device",1000000000,Free,0,Everyone
"WhatsApp Messenger",COMMUNICATION,4.4,69119316,"Varies with device",1000000000,Free,0,Everyone
"Messenger for SMS",COMMUNICATION,4.3,125257,17M,10000000,Free,0,Teen
"Google Chrome: Fast & Secure",COMMUNICATION,4.3,9642995,"Varies with device",1000000000,Free,0,Everyone
"Messenger Lite: Free Calls & Messages",COMMUNICATION,4.4,1429035,"Varies with device",100000000,Free,0,Everyone
Gmail,COMMUNICATION,4.3,4604324,"Varies with device",1000000000,Free,0,Everyone
Hangouts,COMMUNICATION,4,3419249,"Varies with device",1000000000,Free,0,Everyone
"Viber Messenger",COMMUNICATION,4.3,11334799,"Varies with device",500000000,Free,0,Everyone
"My Tele2",COMMUNICATION,4.3,158679,8.8M,5000000,Free,0,Everyone
"Firefox Browser fast & private",COMMUNICATION,4.4,3075028,"Varies with device",100000000,Free,0,Everyone
"Yahoo Mail ‚Äì Stay Organized",COMMUNICATION,4.3,4187998,16M,100000000,Free,0,Everyone
"imo beta free calls and text",COMMUNICATION,4.3,659395,11M,100000000,Free,0,Everyone
"imo free video calls and chat",COMMUNICATION,4.3,4785892,11M,500000000,Free,0,Everyone
Contacts,COMMUNICATION,4.3,66602,"Varies with device",50000000,Free,0,Everyone
"Call Free ‚Äì Free Call",COMMUNICATION,4.3,30209,15M,5000000,Free,0,Everyone
"Web Browser & Explorer",COMMUNICATION,4,36901,6.6M,5000000,Free,0,Everyone
"Opera Mini - fast web browser",COMMUNICATION,4.5,5149854,"Varies with device",100000000,Free,0,Everyone
"Browser 4G",COMMUNICATION,4.3,192948,6.6M,10000000,Free,0,Everyone
"MegaFon Dashboard",COMMUNICATION,3.7,99559,"Varies with device",10000000,Free,0,Everyone
"ZenUI Dialer & Contacts",COMMUNICATION,4.5,437674,"Varies with device",10000000,Free,0,Everyone
"Cricket Visual Voicemail",COMMUNICATION,3.9,13698,5.1M,10000000,Free,0,Everyone
"Opera Browser: Fast and Secure",COMMUNICATION,4.4,2473509,"Varies with device",100000000,Free,0,Everyone
"TracFone My Account",COMMUNICATION,3.6,20769,18M,1000000,Free,0,Everyone
"Firefox Focus: The privacy browser",COMMUNICATION,4.4,36880,4.0M,1000000,Free,0,Everyone
"Google Voice",COMMUNICATION,4.2,171031,"Varies with device",10000000,Free,0,Everyone
"Chrome Dev",COMMUNICATION,4.4,63543,"Varies with device",5000000,Free,0,Everyone
"Xperia Link‚Ñ¢",COMMUNICATION,4.1,45487,"Varies with device",10000000,Free,0,Everyone
"TouchPal Keyboard - Fun Emoji & Android Keyboard",COMMUNICATION,4.4,615381,37M,10000000,Free,0,"Mature 17+"
Who,COMMUNICATION,4.3,2451083,"Varies with device",100000000,Free,0,Teen
"Skype Lite - Free Video Call & Chat",COMMUNICATION,4.2,33053,22M,5000000,Free,0,Everyone
WeChat,COMMUNICATION,4.2,5387333,"Varies with device",100000000,Free,0,Everyone
"UC Browser Mini -Tiny Fast Private & Secure",COMMUNICATION,4.4,3648120,3.3M,100000000,Free,0,Teen
"WhatsApp Business",COMMUNICATION,4.4,136662,32M,10000000,Free,0,Everyone
"My magenta",COMMUNICATION,3.9,42370,37M,1000000,Free,0,Everyone
"Android Messages",COMMUNICATION,4.2,781810,"Varies with device",100000000,Free,0,Everyone
Telegram,COMMUNICATION,4.4,3128250,"Varies with device",100000000,Free,0,"Mature 17+"
"Google Duo - High Quality Video Calls",COMMUNICATION,4.6,2083237,"Varies with device",500000000,Free,0,Everyone
"Puffin Web Browser",COMMUNICATION,4.3,541389,"Varies with device",10000000,Free,0,Everyone
Seznam.cz,COMMUNICATION,4.3,46702,"Varies with device",1000000,Free,0,Everyone
"Antillean Gold Telegram (original version)",COMMUNICATION,4.4,2939,17M,100000,Free,0,Everyone
"AT&T Visual Voicemail",COMMUNICATION,3.7,13761,"Varies with device",10000000,Free,0,Everyone
"GMX Mail",COMMUNICATION,4.3,258556,"Varies with device",10000000,Free,0,Everyone
"Omlet Chat",COMMUNICATION,3.9,40751,35M,10000000,Free,0,Teen
"UC Browser - Fast Download Private & Secure",COMMUNICATION,4.5,17712922,40M,500000000,Free,0,Teen
"My Vodacom SA",COMMUNICATION,3.7,25021,61M,5000000,Free,0,Everyone
"Microsoft Edge",COMMUNICATION,4.3,27187,66M,5000000,Free,0,Everyone
"WhatsApp Messenger",COMMUNICATION,4.4,69119316,"Varies with device",1000000000,Free,0,Everyone
"Messenger ‚Äì Text and Video Chat for Free",COMMUNICATION,4,56646578,"Varies with device",1000000000,Free,0,Everyone
"imo free video calls and chat",COMMUNICATION,4.3,4785988,11M,500000000,Free,0,Everyone
"Hangouts Dialer - Call Phones",COMMUNICATION,4,122498,79k,10000000,Free,0,Everyone
"Viber Messenger",COMMUNICATION,4.3,11334973,"Varies with device",500000000,Free,0,Everyone
Hangouts,COMMUNICATION,4,3419433,"Varies with device",1000000000,Free,0,Everyone
"Talkatone: Free Texts, Calls & Phone Number",COMMUNICATION,4.1,132014,25M,10000000,Free,0,Everyone
"Calls & Text by Mo+",COMMUNICATION,4.2,83239,14M,5000000,Free,0,Everyone
"free video calls and chat",COMMUNICATION,4.2,594728,"Varies with device",50000000,Free,0,Everyone
WeChat,COMMUNICATION,4.2,5387446,"Varies with device",100000000,Free,0,Everyone
"Skype - free IM & video calls",COMMUNICATION,4.1,10484169,"Varies with device",1000000000,Free,0,Everyone
Telegram,COMMUNICATION,4.4,3128509,"Varies with device",100000000,Free,0,"Mature 17+"
Who,COMMUNICATION,4.3,2451093,"Varies with device",100000000,Free,0,Teen
"Google Voice",COMMUNICATION,4.2,171031,"Varies with device",10000000,Free,0,Everyone
"GO SMS Pro - Messenger, Free Themes, Emoji",COMMUNICATION,4.4,2876500,24M,100000000,Free,0,Everyone
"Android Messages",COMMUNICATION,4.2,781810,"Varies with device",100000000,Free,0,Everyone
"Messaging+ SMS, MMS Free",COMMUNICATION,4.1,28238,17M,1000000,Free,0,Everyone
"chomp SMS",COMMUNICATION,4.3,335646,8.3M,10000000,Free,0,Everyone
"Glide - Video Chat Messenger",COMMUNICATION,4.3,350154,"Varies with device",10000000,Free,0,Everyone
"Text SMS",COMMUNICATION,4.5,349384,8.2M,10000000,Free,0,Everyone
"Google Allo",COMMUNICATION,4.3,346982,"Varies with device",10000000,Free,0,Everyone
"Talkray - Free Calls & Texts",COMMUNICATION,4.2,244863,"Varies with device",10000000,Free,0,Everyone
"LINE: Free Calls & Messages",COMMUNICATION,4.2,10790289,"Varies with device",500000000,Free,0,Everyone
GroupMe,COMMUNICATION,4.5,330761,"Varies with device",10000000,Free,0,Everyone
"mysms SMS Text Messaging Sync",COMMUNICATION,4.3,37320,8.4M,1000000,Free,0,Everyone
"BBM - Free Calls & Messages",COMMUNICATION,4.3,12842860,"Varies with device",100000000,Free,0,Everyone
"KakaoTalk: Free Calls & Text",COMMUNICATION,4.3,2546527,"Varies with device",100000000,Free,0,Everyone
"Firefox Focus: The privacy browser",COMMUNICATION,4.4,36893,4.0M,1000000,Free,0,Everyone
"2ndLine - Second Phone Number",COMMUNICATION,4.2,15880,32M,1000000,Free,0,Everyone
"Google Allo",COMMUNICATION,4.3,346980,"Varies with device",10000000,Free,0,Everyone
"Google Chrome: Fast & Secure",COMMUNICATION,4.3,9643041,"Varies with device",1000000000,Free,0,Everyone
"Firefox Browser fast & private",COMMUNICATION,4.4,3075118,"Varies with device",100000000,Free,0,Everyone
"CM Browser - Ad Blocker , Fast Download , Privacy",COMMUNICATION,4.6,2264916,6.1M,50000000,Free,0,Everyone
"Puffin Web Browser",COMMUNICATION,4.3,541389,"Varies with device",10000000,Free,0,Everyone
"Opera Browser: Fast and Secure",COMMUNICATION,4.4,2473693,"Varies with device",100000000,Free,0,Everyone
"Ninesky Browser",COMMUNICATION,4.2,42925,2.8M,1000000,Free,0,Everyone
"Opera Mini - fast web browser",COMMUNICATION,4.5,5150471,"Varies with device",100000000,Free,0,Everyone
"Dolphin Browser - Fast, Private & Adblocküê¨",COMMUNICATION,4.5,2511130,"Varies with device",50000000,Free,0,Everyone
"UC Browser Mini -Tiny Fast Private & Secure",COMMUNICATION,4.4,3648480,3.3M,100000000,Free,0,Teen
"UC Browser - Fast Download Private & Secure",COMMUNICATION,4.5,17714850,40M,500000000,Free,0,Teen
"Ghostery Privacy Browser",COMMUNICATION,4.1,13100,2.2M,1000000,Free,0,Everyone
"InBrowser - Incognito Browsing",COMMUNICATION,4.2,27156,"Varies with device",1000000,Free,0,Everyone
"Web Browser for Android",COMMUNICATION,4.1,55098,4.3M,1000000,Free,0,Everyone
"DU Browser‚ÄîBrowse fast & fun",COMMUNICATION,4.3,1133501,4.7M,10000000,Free,0,Everyone
"Lightning Web Browser",COMMUNICATION,4.1,12578,2.3M,500000,Free,0,Everyone
"Web Browser",COMMUNICATION,4.2,10965,2.3M,500000,Free,0,Everyone
"Puffin Browser Pro",COMMUNICATION,4,18247,"Varies with device",100000,Paid,3.99,Everyone
Contacts+,COMMUNICATION,4.2,190613,11M,10000000,Free,0,Everyone
"ExDialer - Dialer & Contacts",COMMUNICATION,4.2,125232,2.7M,10000000,Free,0,Everyone
"Calls & Text by Mo+",COMMUNICATION,4.2,83239,14M,5000000,Free,0,Everyone
"Viber Messenger",COMMUNICATION,4.3,11334973,"Varies with device",500000000,Free,0,Everyone
"PHONE for Google Voice & GTalk",COMMUNICATION,4.3,72065,13M,1000000,Free,0,Everyone
"Safest Call Blocker",COMMUNICATION,4.4,27540,3.7M,1000000,Free,0,Everyone
"Full Screen Caller ID",COMMUNICATION,4.2,104990,10M,5000000,Free,0,Everyone
"Hiya - Caller ID & Block",COMMUNICATION,4.4,177703,13M,10000000,Free,0,"Mature 17+"
"Call Blocker",COMMUNICATION,4.1,17529,10M,1000000,Free,0,Everyone
"Mr. Number-Block calls & spam",COMMUNICATION,4.2,177263,13M,10000000,Free,0,"Mature 17+"
"Should I Answer?",COMMUNICATION,4.8,237468,8.8M,1000000,Free,0,Everyone
"RocketDial Dialer & Contacts",COMMUNICATION,4.4,32254,5.5M,1000000,Free,0,Everyone
"CallApp: Caller ID, Blocker & Phone Call Recorder",COMMUNICATION,4.4,483565,20M,10000000,Free,0,Everyone
"Whoscall - Caller ID & Block",COMMUNICATION,4.4,552441,29M,10000000,Free,0,Everyone
"CIA - Caller ID & Call Blocker",COMMUNICATION,4,60308,"Varies with device",5000000,Free,0,Everyone
"Calls Blacklist - Call Blocker",COMMUNICATION,4.5,457283,"Varies with device",10000000,Free,0,Everyone
"Call Control - Call Blocker",COMMUNICATION,4.4,93825,11M,5000000,Free,0,Everyone
"True Contact - Real Caller ID",COMMUNICATION,4.1,32283,"Varies with device",1000000,Free,0,Everyone
"Video Caller Id",COMMUNICATION,4.2,15287,17M,1000000,Free,0,Everyone
"Sync.ME ‚Äì Caller ID & Block",COMMUNICATION,4.5,205739,17M,5000000,Free,0,Everyone
"Burner - Free Phone Number",COMMUNICATION,4.3,14873,"Varies with device",1000000,Free,0,Everyone
"Truecaller: Caller ID, SMS spam blocking & Dialer",COMMUNICATION,4.5,7820209,"Varies with device",100000000,Free,0,Everyone
"Caller ID +",COMMUNICATION,4,9498,118k,1000000,Free,0,Everyone
Gmail,COMMUNICATION,4.3,4604483,"Varies with device",1000000000,Free,0,Everyone
"Yahoo Mail ‚Äì Stay Organized",COMMUNICATION,4.3,4188142,16M,100000000,Free,0,Everyone
"K-9 Mail",COMMUNICATION,4.2,88427,5.1M,5000000,Free,0,Everyone
"myMail ‚Äì Email for Hotmail, Gmail and Outlook Mail",COMMUNICATION,4.5,305218,"Varies with device",10000000,Free,0,Everyone
"Email TypeApp - Mail App",COMMUNICATION,4.6,183374,44M,1000000,Free,0,Everyone
"All Email Providers",COMMUNICATION,4.1,20901,7.3M,1000000,Free,0,Everyone
"Newton Mail - Email App for Gmail, Outlook, IMAP",COMMUNICATION,4,122595,30M,1000000,Free,0,Everyone
"GO Notifier",COMMUNICATION,4.2,124346,695k,10000000,Free,0,Everyone
"Mail.Ru - Email App",COMMUNICATION,4.6,837842,"Varies with device",50000000,Free,0,Everyone
"Mail1Click - Secure Mail",COMMUNICATION,4.1,255,1.6M,10000,Free,0,Everyone
"Daum Mail - Next Mail",COMMUNICATION,4.3,41420,19M,5000000,Free,0,Everyone
"mail.com mail",COMMUNICATION,4.2,44706,"Varies with device",1000000,Free,0,Everyone
"SolMail - All-in-One email app",COMMUNICATION,4.3,23707,"Varies with device",500000,Free,0,Everyone
Hangouts,COMMUNICATION,4,3419513,"Varies with device",1000000000,Free,0,Everyone
"imo free video calls and chat",COMMUNICATION,4.3,4785988,11M,500000000,Free,0,Everyone
"free video calls and chat",COMMUNICATION,4.2,594728,"Varies with device",50000000,Free,0,Everyone
"Viber Messenger",COMMUNICATION,4.3,11335255,"Varies with device",500000000,Free,0,Everyone
"Skype - free IM & video calls",COMMUNICATION,4.1,10484169,"Varies with device",1000000000,Free,0,Everyone
WeChat,COMMUNICATION,4.2,5387446,"Varies with device",100000000,Free,0,Everyone
"Vonage Mobile¬Æ Call Video Text",COMMUNICATION,4.1,29208,23M,1000000,Free,0,Everyone
"JusTalk - Free Video Calls and Fun Video Chat",COMMUNICATION,4.6,191032,26M,5000000,Free,0,Everyone
"Glide - Video Chat Messenger",COMMUNICATION,4.3,350154,"Varies with device",10000000,Free,0,Everyone
"Talkray - Free Calls & Texts",COMMUNICATION,4.2,244863,"Varies with device",10000000,Free,0,Everyone
"LINE: Free Calls & Messages",COMMUNICATION,4.2,10790289,"Varies with device",500000000,Free,0,Everyone
"KakaoTalk: Free Calls & Text",COMMUNICATION,4.3,2546527,"Varies with device",100000000,Free,0,Everyone
"Moco+ - Chat, Meet People",DATING,4.2,1545,"Varies with device",10000,Paid,3.99,"Mature 17+"
Calculator,DATING,2.6,57,6.2M,1000,Paid,6.99,Everyone
"Truth or Dare Pro",DATING,4.3,0,20M,50,Paid,1.49,Teen
"Private Dating, Hide App- Blue for PrivacyHider",DATING,4.3,0,18k,100,Paid,2.99,Everyone
"Ad Blocker for SayHi",DATING,4.3,4,1.2M,100,Paid,3.99,Teen
"AMBW Dating App: Asian Men Black Women Interracial",DATING,3.5,2,17M,100,Paid,7.99,"Mature 17+"
"Zoosk Dating App: Meet Singles",DATING,4,516801,"Varies with device",10000000,Free,0,"Mature 17+"
"OkCupid Dating",DATING,4.1,285726,15M,10000000,Free,0,"Mature 17+"
"Match‚Ñ¢ Dating - Meet Singles",DATING,3.7,76646,"Varies with device",10000000,Free,0,"Mature 17+"
"Hily: Dating, Chat, Match, Meet & Hook up",DATING,4.1,2556,56M,100000,Free,0,"Mature 17+"
"Hinge: Dating & Relationships",DATING,4.2,7779,12M,500000,Free,0,"Mature 17+"
"Casual Dating & Adult Singles - Joyride",DATING,4.5,61637,11M,5000000,Free,0,"Mature 17+"
"BBW Dating & Plus Size Chat",DATING,4.4,12632,29M,1000000,Free,0,"Mature 17+"
"Moco - Chat, Meet People",DATING,4.2,313724,"Varies with device",10000000,Free,0,"Mature 17+"
"CMB Free Dating App",DATING,4,48845,40M,1000000,Free,0,"Mature 17+"
"Hot or Not - Find someone right now",DATING,4.1,305708,"Varies with device",10000000,Free,0,"Mature 17+"
"eharmony - Online Dating App",DATING,3.1,31320,53M,5000000,Free,0,"Mature 17+"
"Free Dating App & Flirt Chat - Match with Singles",DATING,4.4,172460,3.1M,5000000,Free,0,"Mature 17+"
"Chispa, the Dating App for Latino, Latina Singles",DATING,4.2,4195,24M,100000,Free,0,"Mature 17+"
"Clover Dating App",DATING,4.1,11633,23M,500000,Free,0,"Mature 17+"
"Black People Meet Singles Date",DATING,3.9,10212,5.0M,1000000,Free,0,"Mature 17+"
"Mingle2 - Free Online Dating & Singles Chat Rooms",DATING,4.3,37053,44M,1000000,Free,0,"Mature 17+"
"Free Dating App & Flirt Chat - Cheers",DATING,4.4,667,27M,10000,Free,0,"Mature 17+"
"stranger chat - anonymous chat",DATING,3.5,13202,6.1M,1000000,Free,0,"Mature 17+"
"Blendr - Chat, Flirt & Meet",DATING,4,28671,"Varies with device",1000000,Free,0,"Mature 17+"
"Free Dating Hook Up Messenger",DATING,3.3,1157,21M,100000,Free,0,"Mature 17+"
"Find Real Love ‚Äî YouLove Premium Dating",DATING,4.5,212626,11M,10000000,Free,0,"Mature 17+"
"Once - Quality Matches Every day",DATING,4.4,222888,21M,1000000,Free,0,"Mature 17+"
"BLK - Swipe. Match. Chat.",DATING,4.1,2067,24M,100000,Free,0,"Mature 17+"
"Cougar Dating Life : Date Older Women Sugar Mummy",DATING,3.9,1643,31M,500000,Free,0,"Mature 17+"
Howlr,DATING,3.9,105,27M,5000,Free,0,"Mature 17+"
"Stranger Chat & Date",DATING,3.6,3414,6.2M,500000,Free,0,"Mature 17+"
"Free Dating & Flirt Chat - Choice of Love",DATING,4,42194,"Varies with device",5000000,Free,0,"Mature 17+"
"RandoChat - Chat roulette",DATING,3.6,11806,12M,1000000,Free,0,"Mature 17+"
"BeWild Free Dating & Chat App",DATING,3.4,1999,8.0M,100000,Free,0,"Mature 17+"
"FastMeet: Chat, Dating, Love",DATING,4.2,22544,5.9M,1000000,Free,0,"Mature 17+"
"Free Dating App - YoCutie - Flirt, Chat & Meet",DATING,4.1,97684,7.9M,1000000,Free,0,"Mature 17+"
"OurTime Dating for Singles 50+",DATING,3.4,2519,5.0M,100000,Free,0,"Mature 17+"
"FarmersOnly Dating",DATING,3,1146,1.4M,100000,Free,0,"Mature 17+"
"Dating for 50 plus Mature Singles ‚Äì FINALLY",DATING,4.6,13046,13M,500000,Free,0,"Mature 17+"
"Sudy ‚Äì Meet Elite & Rich Single",DATING,4.1,17268,40M,500000,Free,0,"Mature 17+"
"Christian Dating For Free App",DATING,3.9,8722,13M,500000,Free,0,"Mature 17+"
"Just She - Top Lesbian Dating",DATING,1.9,953,19M,100000,Free,0,"Mature 17+"
"Single Parent Meet #1 Dating",DATING,3.5,2593,5.0M,500000,Free,0,"Mature 17+"
"EliteSingles ‚Äì Dating for Single Professionals",DATING,2.5,5377,19M,500000,Free,0,"Mature 17+"
"Millionaire Match: Rich Singles Dating App",DATING,3.9,852,27M,100000,Free,0,"Mature 17+"
"InterracialCupid - Interracial Dating App",DATING,3.4,212,3.0M,50000,Free,0,"Mature 17+"
"Sugar Mommas Dating And Single Search",DATING,3.5,1972,13M,1000000,Free,0,"Mature 17+"
"Hide App, Private Dating, Safe Chat - PrivacyHider",DATING,4.4,35206,7.2M,1000000,Free,0,Everyone
"muzmatch: Muslim & Arab Singles, Marriage & Dating",DATING,3.8,5164,25M,100000,Free,0,"Mature 17+"
"NoBuffDating - Free Dating App",DATING,4.2,1939,"Varies with device",100000,Free,0,"Mature 17+"
"Sugar Daddy Dating App",DATING,2.5,277,5.7M,100000,Free,0,"Mature 17+"
"Adult Dirty Emojis",DATING,2.8,80,5.5M,10000,Free,0,Teen
"Free Dating App - Meet Local Singles - Flirt Chat",DATING,4.1,825,"Varies with device",100000,Free,0,"Mature 17+"
"Meet4U - Chat, Love, Singles!",DATING,4.2,40035,6.5M,1000000,Free,0,"Mature 17+"
"SnpCupid Dating",DATING,3.5,1093,5.8M,100000,Free,0,"Mature 17+"
"Chat Rooms, Avatars, Date - Galaxy",DATING,4.3,135418,"Varies with device",10000000,Free,0,"Mature 17+"
"Adult Dating - AdultFinder",DATING,3.3,1601,3.8M,500000,Free,0,"Mature 17+"
"Gay Sugar Daddy Dating & Hookup ‚Äì Sudy Gay",DATING,4.1,2212,41M,100000,Free,0,"Mature 17+"
"Meet24 - Love, Chat, Singles",DATING,4.2,57081,7.9M,1000000,Free,0,"Mature 17+"
"BBWCupid - BBW Dating App",DATING,3.5,241,2.8M,50000,Free,0,"Mature 17+"
"ChatVideo Meet new people",DATING,4.2,63986,20M,5000000,Free,0,"Mature 17+"
"TryDate - Free Online Dating App, Chat Meet Adults",DATING,4.4,7888,15M,500000,Free,0,"Mature 17+"
"Black White Interracial Dating - Interracial Match",DATING,4.1,535,28M,100000,Free,0,"Mature 17+"
"USA Singles Meet, Match and Date Free - Date",DATING,4.2,5084,9.6M,100000,Free,0,"Mature 17+"
"FlirtChat - ‚ô•Free Dating/Flirting App‚ô•",DATING,4.3,2430,13M,500000,Free,0,"Mature 17+"
"OkCupid Dating",DATING,4.1,285726,15M,10000000,Free,0,"Mature 17+"
"CMB Free Dating App",DATING,4,48845,40M,1000000,Free,0,"Mature 17+"
"Hily: Dating, Chat, Match, Meet & Hook up",DATING,4.1,2556,56M,100000,Free,0,"Mature 17+"
"Hinge: Dating & Relationships",DATING,4.2,7779,12M,500000,Free,0,"Mature 17+"
"The League",DATING,3,837,9.4M,100000,Free,0,"Mature 17+"
"BBW Dating & Plus Size Chat",DATING,4.4,12632,29M,1000000,Free,0,"Mature 17+"
"Casual Dating & Adult Singles - Joyride",DATING,4.5,61637,11M,5000000,Free,0,"Mature 17+"
"EliteSingles ‚Äì Dating for Single Professionals",DATING,2.5,5377,19M,500000,Free,0,"Mature 17+"
"Clover Dating App",DATING,4.1,11633,23M,500000,Free,0,"Mature 17+"
"Moco - Chat, Meet People",DATING,4.2,313724,"Varies with device",10000000,Free,0,"Mature 17+"
"Herpes Dating: 1,000K+ Singles",DATING,4,738,27M,10000,Free,0,"Mature 17+"
"Hot or Not - Find someone right now",DATING,4.1,305708,"Varies with device",10000000,Free,0,"Mature 17+"
"Just She - Top Lesbian Dating",DATING,1.9,953,19M,100000,Free,0,"Mature 17+"
"Heart mill",DATING,3.3,4631,45M,100000,Free,0,"Mature 17+"
"Once - Quality Matches Every day",DATING,4.4,222888,21M,1000000,Free,0,"Mature 17+"
"Sudy ‚Äì Meet Elite & Rich Single",DATING,4.1,17268,40M,500000,Free,0,"Mature 17+"
"muzmatch: Muslim & Arab Singles, Marriage & Dating",DATING,3.8,5164,25M,100000,Free,0,"Mature 17+"
"95Live -SG#1 Live Streaming App",DATING,4.1,4953,15M,1000000,Free,0,Teen
"Chispa, the Dating App for Latino, Latina Singles",DATING,4.2,4195,24M,100000,Free,0,"Mature 17+"
"Blendr - Chat, Flirt & Meet",DATING,4,28671,"Varies with device",1000000,Free,0,"Mature 17+"
"Find Real Love ‚Äî YouLove Premium Dating",DATING,4.5,212626,11M,10000000,Free,0,"Mature 17+"
"Mutual - LDS Dating",DATING,3.7,1439,38M,50000,Free,0,"Mature 17+"
"Cougar Dating Life : Date Older Women Sugar Mummy",DATING,3.9,1645,31M,500000,Free,0,"Mature 17+"
"stranger chat - anonymous chat",DATING,3.5,13204,6.1M,1000000,Free,0,"Mature 17+"
"Millionaire Match: Rich Singles Dating App",DATING,3.9,853,27M,100000,Free,0,"Mature 17+"
2RedBeans,DATING,4,337,32M,10000,Free,0,"Mature 17+"
"Dating for 50 plus Mature Singles ‚Äì FINALLY",DATING,4.6,13049,13M,500000,Free,0,"Mature 17+"
"SweetRing - Meet, Match, Date",DATING,4,51698,63M,1000000,Free,0,"Mature 17+"
"BiggerCity: Chat for gay bears, chubs & chasers",DATING,4.1,923,44M,100000,Free,0,"Mature 17+"
"Moco+ - Chat, Meet People",DATING,4.2,1546,"Varies with device",10000,Paid,3.99,"Mature 17+"
"SilverSingles: The 50+ Dating App",DATING,3.3,149,16M,10000,Free,0,"Mature 17+"
"Herpes Positive Singles Dating",DATING,4.4,198,28M,10000,Free,0,"Mature 17+"
"Chat Rooms, Avatars, Date - Galaxy",DATING,4.3,135420,"Varies with device",10000000,Free,0,"Mature 17+"
"FastMeet: Chat, Dating, Love",DATING,4.2,22545,5.9M,1000000,Free,0,"Mature 17+"
"Christian Dating For Free App",DATING,3.9,8723,13M,500000,Free,0,"Mature 17+"
"Glam - Premium Dating App",DATING,4.3,23170,9.0M,500000,Free,0,"Mature 17+"
"iDates - Chats, Flirts, Dating, Love & Relations",DATING,3.4,13890,20M,500000,Free,0,"Mature 17+"
"Meet24 - Love, Chat, Singles",DATING,4.2,57083,7.9M,1000000,Free,0,"Mature 17+"
"Black White Interracial Dating - Interracial Match",DATING,4.1,537,28M,100000,Free,0,"Mature 17+"
JustDating,DATING,4,13440,49M,500000,Free,0,"Mature 17+"
"Interracial Match Dating App",DATING,3.6,143,27M,10000,Free,0,"Mature 17+"
"Russian Dating & Chat for Russian speaking RusDate",DATING,4.2,1059,18M,100000,Free,0,"Mature 17+"
"Sky People (SPI): A secure blind date through authentication by Seoul National University",DATING,3.5,894,14M,100000,Free,0,"Mature 17+"
"Sweet mi - unlimited hunnam hunting blind date",DATING,4,6191,27M,500000,Free,0,"Mature 17+"
"Gay Sugar Daddy Dating & Hookup ‚Äì Sudy Gay",DATING,4.1,2212,41M,100000,Free,0,"Mature 17+"
"Mingle - Online Dating App to Chat & Meet People",DATING,4.1,15081,38M,1000000,Free,0,"Mature 17+"
"Adult Dirty Emojis",DATING,2.8,80,5.5M,10000,Free,0,Teen
"BBW Dating & Curvy Singles Chat- LargeFriends",DATING,4.4,218,27M,10000,Free,0,"Mature 17+"
"Hide App, Private Dating, Safe Chat - PrivacyHider",DATING,4.4,35205,7.2M,1000000,Free,0,Everyone
"Hitwe - meet people and chat",DATING,4.2,243950,21M,10000000,Free,0,"Mature 17+"
"A hundred",DATING,4.1,236,8.8M,10000,Free,0,"Mature 17+"
"JustSayHi- Dating App. Chat & Meet Singles Nearby",DATING,4.2,5152,38M,100000,Free,0,"Mature 17+"
"FERZU - Furries Social Network",DATING,3.9,1576,"Varies with device",10000,Free,0,"Mature 17+"
"WannaMeet ‚Äì Dating & Chat App",DATING,4.1,6701,11M,1000000,Free,0,"Mature 17+"
"Meet4U - Chat, Love, Singles!",DATING,4.2,40039,6.5M,1000000,Free,0,"Mature 17+"
"Luxy Pro- Elite Dating Single",DATING,3.9,742,26M,50000,Free,0,"Mature 17+"
"Dating Network",DATING,4,187,19M,10000,Free,0,"Mature 17+"
"Chatting - Free chat, random chat, boyfriend, girlfriend",DATING,4.2,2506,6.1M,500000,Free,0,"Mature 17+"
"iPair-Meet, Chat, Dating",DATING,4.5,182986,77M,5000000,Free,0,"Mature 17+"
"Meet, chat & date. Free dating app - Chocolate app",DATING,3.9,8661,9.5M,1000000,Free,0,"Mature 17+"
"Transenger ‚Äì Ts Dating and Chat for Free",DATING,3.6,8,14M,1000,Free,0,"Mature 17+"
O-Star,DATING,4.4,59,38M,5000,Free,0,Everyone
"Free Cam Girls - Live Webcam",DATING,3.5,35,16M,1000,Free,0,"Mature 17+"
"Cardi B Live Stream Video Chat - Prank",DATING,4.4,28,3.4M,500,Free,0,Everyone
"Live Girls Talk - Free Video Chat",DATING,4.8,125,4.7M,5000,Free,0,"Mature 17+"
"Live Talk - Free Text and Video Chat",DATING,4.6,185,5.0M,10000,Free,0,"Mature 17+"
"Chat Kids - Chat Room For Kids",DATING,4.7,6,4.9M,100,Free,0,"Mature 17+"
"Girls Live Chat - Free Text & Video Chat",DATING,4.8,110,4.9M,10000,Free,0,"Mature 17+"
"Random Video Chat",DATING,4.3,3,16M,1000,Free,0,"Mature 17+"
MouseMingle,DATING,2.7,3,3.9M,100,Free,0,"Mature 17+"
"American Girls Mobile Numbers",DATING,5,5,4.4M,1000,Free,0,"Mature 17+"
"Random Video Chat App With Strangers",DATING,4.3,3,4.8M,1000,Free,0,"Mature 17+"
"FREE VIDEO CHAT - LIVE VIDEO AND TEXT CHAT",DATING,4.8,84,4.5M,1000,Free,0,"Mature 17+"
"Awake Dating",DATING,5,2,70M,100,Free,0,"Mature 17+"
"Live Chat - Free Video Chat Rooms",DATING,4.8,20,4.9M,500,Free,0,"Mature 17+"
"Meet With Strangers: Video Chat & Dating",DATING,4.3,2,3.7M,500,Free,0,"Mature 17+"
"FREE LIVE TALK",DATING,4.9,776,4.9M,5000,Free,0,"Mature 17+"
"Random Chat App with Strangers",DATING,3,2,16M,100,Free,0,"Mature 17+"
"Ost. Zombies Cast - New Music and Lyrics",DATING,4.3,1,4.6M,100,Free,0,Teen
"Dating White Girls",DATING,4.3,0,3.6M,50,Free,0,"Mature 17+"
"Live Chat - Free Video Talk",DATING,4.7,14,21M,5000,Free,0,"Mature 17+"
"Geeks Dating",DATING,4.3,0,13M,50,Free,0,"Mature 17+"
"Live chat - free video chat",DATING,4.3,1,8.7M,500,Free,0,"Mature 17+"
"House party - live chat",DATING,1,1,9.2M,10,Free,0,"Mature 17+"
"Fishing Brain & Boating Maps Marine",DATING,4.3,3,6.9M,500,Free,0,Everyone
"CAM5678 Video Chat",DATING,4.3,0,39M,500,Free,0,"Mature 17+"
"Video chat live advices",DATING,4.3,0,8.0M,100,Free,0,Everyone
"chat live chat",DATING,4.3,24,3.9M,1000,Free,0,"Mature 17+"
"Pet Lovers Dating",DATING,4.3,0,14M,10,Free,0,"Mature 17+"
"Friend Find: free chat + flirt dating app",DATING,4.3,23,11M,100,Free,0,"Mature 17+"
"Latin Dating",DATING,4.3,0,13M,10,Free,0,"Mature 17+"
"Spine- The dating app",DATING,5,5,9.3M,500,Free,0,Teen
"Online Chat Girls Meet",DATING,4.7,18,5.0M,500,Free,0,"Mature 17+"
"Wifi Mingle",DATING,4.3,0,10.0M,10,Free,0,Everyone
"Girls Live Talk - Free Text and Video Chat",DATING,5,6,5.0M,100,Free,0,"Mature 17+"
"Soy Luna - Top Music And Lyrics",DATING,4.3,1,5.0M,100,Free,0,Teen
"When Will You Get Married",DATING,4.3,2,3.6M,10,Free,0,Everyone
"HOW TO ASK A GIRL OUT",DATING,4.3,0,19M,10,Free,0,Everyone
"Online Girls Chat Group",DATING,5,5,5.0M,100,Free,0,"Mature 17+"
"The DJ - Match with People",DATING,4.3,0,9.8M,50,Free,0,"Mature 17+"
"Toronto Dating",DATING,4.3,0,14M,100,Free,0,"Mature 17+"
"i miss you quotes and photos",DATING,4.3,0,5.0M,100,Free,0,Everyone
"JoJo Siwa Top Hits Music",DATING,4.3,0,4.9M,10,Free,0,Teen
"UK Girls Mobile Numbers",DATING,3,1,5.5M,500,Free,0,"Mature 17+"
"chat saudi arabia",DATING,4.1,11,11M,1000,Free,0,"Mature 17+"
"Chat Click - Dating Search",DATING,4.3,4,3.8M,500,Free,0,"Mature 17+"
"Iraq love chat",DATING,4.3,14,5.0M,50,Free,0,Teen
"Healthy Relationships Guide",DATING,4.3,0,8.2M,1,Free,0,Everyone
following,DATING,4.3,1,21M,10,Free,0,"Mature 17+"
"Gods by Night",DATING,4.3,104,12M,1000,Free,0,"Mature 17+"
PlusOne,DATING,4.3,0,10M,1,Free,0,"Mature 17+"
"Love Calendar - Couple Sharing Calendar & CoupleDay",DATING,4.3,14,3.3M,50,Free,0,Everyone
"Speeding Joyride & Car Meet App",DATING,5,3,25M,100,Free,0,"Mature 17+"
"LOBSTR - go on a lunch date",DATING,3.7,101,15M,10000,Free,0,"Mature 17+"
"Titanic App - Feminist Dating Application",DATING,4.5,120,10M,500,Free,0,"Mature 17+"
"French Chat Room",DATING,4.2,24,4.9M,1000,Free,0,"Mature 17+"
"Soul Mate",DATING,4.3,0,4.4M,10,Free,0,"Mature 17+"
"Diamond Engagement Rings",DATING,4.3,0,3.5M,5,Free,0,Everyone
"Dating Tips For Men",DATING,4.3,0,7.8M,10,Free,0,Everyone
Halalguur,DATING,4.3,6,9.0M,100,Free,0,"Mature 17+"
"95Live -SG#1 Live Streaming App",DATING,4.1,4954,15M,1000000,Free,0,Teen
"Just She - Top Lesbian Dating",DATING,1.9,954,19M,100000,Free,0,"Mature 17+"
"Hily: Dating, Chat, Match, Meet & Hook up",DATING,4.1,2560,56M,100000,Free,0,"Mature 17+"
O-Star,DATING,4.4,59,38M,5000,Free,0,Everyone
"Random Video Chat",DATING,4.3,3,16M,1000,Free,0,"Mature 17+"
"Black People Meet Singles Date",DATING,3.9,10212,5.0M,1000000,Free,0,"Mature 17+"
Howlr,DATING,3.9,105,27M,5000,Free,0,"Mature 17+"
"Find Lover",DATING,4.3,21,4.7M,1000,Free,0,"Mature 17+"
"Free Dating & Flirt Chat - Choice of Love",DATING,4,42197,"Varies with device",5000000,Free,0,"Mature 17+"
"Cardi B Live Stream Video Chat - Prank",DATING,4.4,28,3.4M,500,Free,0,Everyone
"Chat Kids - Chat Room For Kids",DATING,4.7,6,4.9M,100,Free,0,"Mature 17+"
"muzmatch: Muslim & Arab Singles, Marriage & Dating",DATING,3.8,5168,25M,100000,Free,0,"Mature 17+"
"BBW Dating & Plus Size Chat",DATING,4.4,12633,29M,1000000,Free,0,"Mature 17+"
"2Date Dating App, Love and matching",DATING,4.4,41605,8.1M,500000,Free,0,"Mature 17+"
"Transenger ‚Äì Ts Dating and Chat for Free",DATING,3.6,8,14M,1000,Free,0,"Mature 17+"
"BBW Dating & Curvy Singles Chat- LargeFriends",DATING,4.4,218,27M,10000,Free,0,"Mature 17+"
MouseMingle,DATING,2.7,3,3.9M,100,Free,0,"Mature 17+"
"FlirtChat - ‚ô•Free Dating/Flirting App‚ô•",DATING,4.3,2433,13M,500000,Free,0,"Mature 17+"
"Live Talk - Free Text and Video Chat",DATING,4.6,185,5.0M,10000,Free,0,"Mature 17+"
"Adult Dirty Emojis",DATING,2.8,80,5.5M,10000,Free,0,Teen
"Free Cam Girls - Live Webcam",DATING,3.5,35,16M,1000,Free,0,"Mature 17+"
"Random Video Chat App With Strangers",DATING,4.3,3,4.8M,1000,Free,0,"Mature 17+"
"Teenage Chat & Dating",DATING,3.4,5,14M,500,Free,0,"Mature 17+"
"Live Girls Talk - Free Video Chat",DATING,4.8,125,4.7M,5000,Free,0,"Mature 17+"
"Girls Online Talk - Free Text and Video Chat",DATING,4.7,791,3.7M,10000,Free,0,"Mature 17+"
"Girls Live Chat - Free Text & Video Chat",DATING,4.8,110,4.9M,10000,Free,0,"Mature 17+"
"Online Girls Chat",DATING,4.8,5323,3.5M,50000,Free,0,"Mature 17+"
"LIVE VIDEO TALK",DATING,4.7,478,4.5M,10000,Free,0,"Mature 17+"
"Free Dating App - Meet Local Singles - Flirt Chat",DATING,4.1,825,"Varies with device",100000,Free,0,"Mature 17+"
"SkyLove ‚Äì Dating and chat",DATING,3.5,69,36M,5000,Free,0,"Mature 17+"
"Free Live Talk-Video Call",DATING,4.7,158,4.5M,10000,Free,0,"Mature 17+"
FindLoving,DATING,3.8,24,19M,1000,Free,0,"Mature 17+"
"Sugar Daddies Dating App",DATING,2.9,53,14M,10000,Free,0,"Mature 17+"
"iPair-Meet, Chat, Dating",DATING,4.5,182986,77M,5000000,Free,0,"Mature 17+"
"Free Dating Hook Up Messenger",DATING,3.3,1157,21M,100000,Free,0,"Mature 17+"
"Free Dating App - YoCutie - Flirt, Chat & Meet",DATING,4.1,97699,7.9M,1000000,Free,0,"Mature 17+"
"Chat Mexico: meet people, flirt and friendship",DATING,4.3,8,9.3M,5000,Free,0,"Mature 17+"
"Duolingo: Learn Languages Free",EDUCATION,4.7,6289924,"Varies with device",100000000,Free,0,Everyone
TED,EDUCATION,4.6,181893,18M,10000000,Free,0,"Everyone 10+"
"English Communication - Learn English for Chinese (Learn English for Chinese)",EDUCATION,4.7,2544,18M,100000,Free,0,Everyone
"Khan Academy",EDUCATION,4.6,85375,21M,5000000,Free,0,Everyone
"Learn English with Wlingua",EDUCATION,4.7,314299,3.3M,10000000,Free,0,Everyone
"Ai La Trieu Phu - ALTP Free",EDUCATION,4.3,776,24M,100000,Free,0,Everyone
"Princess Coloring Book",EDUCATION,4.5,9770,39M,5000000,Free,0,Everyone
"Learn Spanish - Espa√±ol",EDUCATION,4.7,32346,3.2M,1000000,Free,0,Everyone
"English Grammar Test",EDUCATION,4.8,4075,5.1M,500000,Free,0,Everyone
"Speed Reading",EDUCATION,4.6,10611,11M,500000,Free,0,Everyone
"English for beginners",EDUCATION,4.6,9321,27M,1000000,Free,0,Everyone
"Flame - ÿØÿ±ÿ® ÿπŸÇŸÑŸÉ ŸäŸàŸÖŸäÿß",EDUCATION,4.6,56065,37M,1000000,Free,0,Everyone
Mermaids,EDUCATION,4.2,14286,"Varies with device",5000000,Free,0,Everyone
"Learn Japanese, Korean, Chinese Offline & Free",EDUCATION,4.9,133136,26M,1000000,Free,0,Everyone
"Kids Mode",EDUCATION,3.8,2469,11M,500000,Free,0,Everyone
"PBS KIDS Video",EDUCATION,4.2,36212,"Varies with device",5000000,Free,0,Everyone
"Dinosaurs Coloring Pages",EDUCATION,4.4,390,41M,500000,Free,0,Everyone
"Cars Coloring Pages",EDUCATION,4.4,1090,49M,1000000,Free,0,Everyone
"Babbel ‚Äì Learn Languages",EDUCATION,4.3,266948,21M,10000000,Free,0,Everyone
"Math Tricks",EDUCATION,4.5,342918,8.1M,10000000,Free,0,Everyone
"Monster Truck Driver & Racing",EDUCATION,4.4,748,51M,1000000,Free,0,Everyone
"Learn English Words Free",EDUCATION,4.6,172640,14M,5000000,Free,0,Everyone
"Japanese / English one-shop search dictionary - Free Japanese - English - Japanese dictionary application",EDUCATION,3.9,61,18M,50000,Free,0,"Mature 17+"
"English speaking texts",EDUCATION,4.4,1619,3.0M,1000000,Free,0,Everyone
"Thai Handwriting",EDUCATION,4.3,3168,19M,1000000,Free,0,Everyone
"THAI DICT 2018",EDUCATION,4.4,29855,"Varies with device",1000000,Free,0,"Mature 17+"
"Kanji test ¬∑ Han search Kanji training (free version)",EDUCATION,4.2,6736,22M,1000000,Free,0,"Mature 17+"
"Game for KIDS: KIDS match'em",EDUCATION,4.4,7005,6.9M,1000000,Free,0,Everyone
"Flippy Campus - Buy & sell on campus at a discount",EDUCATION,4,889,7.4M,500000,Free,0,Everyone
"Free intellectual training game application |",EDUCATION,4.2,5741,84M,1000000,Free,0,Everyone
"ABC Preschool Free",EDUCATION,3.8,27572,25M,5000000,Free,0,Everyone
"PINKFONG Baby Shark",EDUCATION,4.5,10852,18M,1000000,Free,0,Everyone
"English words application mikan",EDUCATION,4.7,9888,"Varies with device",500000,Free,0,Everyone
"Learn English for beginners",EDUCATION,4.5,1929,2.5M,500000,Free,0,Everyone
"Listen and learn English in seven days",EDUCATION,4.3,1516,3.9M,100000,Free,0,Everyone
"Lumosity: #1 Brain Games & Cognitive Training App",EDUCATION,4.2,215301,"Varies with device",10000000,Free,0,Everyone
"Learn English from Persian: Persian to English",EDUCATION,4.3,423,21M,100000,Free,0,Everyone
"English with Lingualeo",EDUCATION,4.7,254519,27M,5000000,Free,0,Everyone
"Learn languages, grammar & vocabulary with Memrise",EDUCATION,4.7,1107903,"Varies with device",10000000,Free,0,Everyone
"Khan Academy",EDUCATION,4.6,85375,21M,5000000,Free,0,Everyone
TED,EDUCATION,4.6,181893,18M,10000000,Free,0,"Everyone 10+"
"Quizlet: Learn Languages & Vocab with Flashcards",EDUCATION,4.6,211856,"Varies with device",10000000,Free,0,Everyone
"Udemy - Online Courses",EDUCATION,4.5,99020,18M,1000000,Free,0,Everyone
"Coursera: Online courses",EDUCATION,4.4,90481,"Varies with device",5000000,Free,0,Everyone
"edX - Online Courses by Harvard, MIT & more",EDUCATION,4.6,32381,10M,1000000,Free,0,"Everyone 10+"
"Elevate - Brain Training Games",EDUCATION,4.5,248912,"Varies with device",5000000,Free,0,Everyone
"NeuroNation - Focus and Brain Training",EDUCATION,4.5,248555,"Varies with device",5000000,Free,0,Everyone
"Lumosity: #1 Brain Games & Cognitive Training App",EDUCATION,4.2,215301,"Varies with device",10000000,Free,0,Everyone
"Peak ‚Äì Brain Games & Training",EDUCATION,4.4,272145,"Varies with device",10000000,Free,0,Everyone
"Memorado - Brain Games",EDUCATION,4.4,56897,97M,1000000,Free,0,Everyone
"Lynda - Online Training Videos",EDUCATION,4.2,8599,17M,1000000,Free,0,Everyone
Brilliant,EDUCATION,4.5,41185,"Varies with device",1000000,Free,0,Everyone
"CppDroid - C/C++ IDE",EDUCATION,4.1,29980,"Varies with device",1000000,Free,0,Everyone
"Quiz&Learn Python",EDUCATION,4,304,2.0M,10000,Free,0,Everyone
"C++ Tutorials",EDUCATION,4.1,358,1.9M,50000,Free,0,Everyone
"C++ Programming",EDUCATION,4.3,11904,1.8M,1000000,Free,0,Everyone
"C Programming",EDUCATION,4.3,22251,1.8M,1000000,Free,0,Everyone
"Udacity - Lifelong Learning",EDUCATION,4.3,22384,17M,1000000,Free,0,Everyone
"Udemy - Online Courses",EDUCATION,4.5,99020,18M,1000000,Free,0,Everyone
"Learn C++",EDUCATION,4.6,73404,5.3M,1000000,Free,0,Everyone
"Learn programming",EDUCATION,4.1,12733,"Varies with device",1000000,Free,0,Everyone
"Learn JavaScript",EDUCATION,4.6,25183,5.4M,1000000,Free,0,Everyone
"Learn Java",EDUCATION,4.7,52743,5.4M,1000000,Free,0,Everyone
"Learn HTML",EDUCATION,4.7,61749,5.4M,1000000,Free,0,Everyone
"Programming Hub, Learn to code",EDUCATION,4.3,55704,15M,1000000,Free,0,Everyone
"Learn SQL",EDUCATION,4.7,19277,5.3M,1000000,Free,0,Everyone
"Ready4 SAT (Prep4 SAT)",EDUCATION,4.6,13612,48M,100000,Free,0,Everyone
"Socratic - Math Answers & Homework Help",EDUCATION,4.6,37862,5.4M,1000000,Free,0,Everyone
"Ready4 GMAT (Prep4 GMAT)",EDUCATION,4.6,18372,47M,100000,Free,0,Everyone
"Pocket GMAT Math",EDUCATION,4.3,656,556k,10000,Free,0,Everyone
"GMAT Question Bank",EDUCATION,4.2,240,29M,10000,Free,0,Everyone
"GRE Tutor",EDUCATION,4,275,2.3M,50000,Free,0,Everyone
"GRE Flashcards",EDUCATION,4.5,13791,"Varies with device",500000,Free,0,Everyone
"play2prep: ACT, SAT prep",EDUCATION,4.2,3692,4.4M,100000,Free,0,Everyone
"SAT Test",EDUCATION,4.1,2363,6.6M,100000,Free,0,Everyone
"GMAT Math Flashcards",EDUCATION,4.4,1769,"Varies with device",100000,Free,0,Everyone
"Pocket SAT Math",EDUCATION,4,430,526k,10000,Free,0,Everyone
"TOEFL Prep & Practice from Magoosh",EDUCATION,4.5,756,12M,100000,Free,0,Everyone
"GRE Prep & Practice by Magoosh",EDUCATION,4.4,3963,"Varies with device",100000,Free,0,Everyone
"GRE¬Æ Flashcards by Kaplan",EDUCATION,4,316,29M,50000,Free,0,Everyone
"SAT Vocabulary",EDUCATION,4.2,642,"Varies with device",50000,Free,0,Everyone
"Magoosh GMAT Prep & Practice",EDUCATION,4.3,1058,"Varies with device",100000,Free,0,Everyone
"SAT Flashcards: Prep & Vocabulary",EDUCATION,4.2,2277,"Varies with device",100000,Free,0,Everyone
"Khan Academy",EDUCATION,4.6,85375,21M,5000000,Free,0,Everyone
TED,EDUCATION,4.6,181893,18M,10000000,Free,0,"Everyone 10+"
"Duolingo: Learn Languages Free",EDUCATION,4.7,6290507,"Varies with device",100000000,Free,0,Everyone
"Quizlet: Learn Languages & Vocab with Flashcards",EDUCATION,4.6,211856,"Varies with device",10000000,Free,0,Everyone
"Coursera: Online courses",EDUCATION,4.4,90481,"Varies with device",5000000,Free,0,Everyone
"Udemy - Online Courses",EDUCATION,4.5,99020,18M,1000000,Free,0,Everyone
"Udacity - Lifelong Learning",EDUCATION,4.3,22384,17M,1000000,Free,0,Everyone
"edX - Online Courses by Harvard, MIT & more",EDUCATION,4.6,32380,10M,1000000,Free,0,"Everyone 10+"
"Rosetta Stone: Learn to Speak & Read New Languages",EDUCATION,4.5,172505,76M,5000000,Free,0,Everyone
"Google Classroom",EDUCATION,4.2,69493,"Varies with device",10000000,Free,0,Everyone
"Lynda - Online Training Videos",EDUCATION,4.2,8599,17M,1000000,Free,0,Everyone
"Learn languages, grammar & vocabulary with Memrise",EDUCATION,4.7,1107884,"Varies with device",10000000,Free,0,Everyone
Brilliant,EDUCATION,4.5,41185,"Varies with device",1000000,Free,0,Everyone
"LinkedIn Learning: Online Courses to Learn Skills",EDUCATION,4.6,7973,18M,1000000,Free,0,Everyone
"Babbel ‚Äì Learn Languages",EDUCATION,4.3,266935,21M,10000000,Free,0,Everyone
"Learn English with Phrases",EDUCATION,4.2,5695,"Varies with device",1000000,Free,0,Everyone
"Free english course",EDUCATION,4.7,142632,6.9M,5000000,Free,0,Everyone
"Duolingo: Learn Languages Free",EDUCATION,4.7,6290507,"Varies with device",100000000,Free,0,Everyone
"Learn 50 languages",EDUCATION,4.4,55256,14M,5000000,Free,0,Everyone
"Rosetta Stone: Learn to Speak & Read New Languages",EDUCATION,4.5,172508,76M,5000000,Free,0,Everyone
"Babbel ‚Äì Learn Spanish",EDUCATION,4.4,54798,11M,1000000,Free,0,Everyone
"Mango Languages: Lovable Language Courses",EDUCATION,4,4815,19M,500000,Free,0,Everyone
"Learn English with Aco",EDUCATION,4.6,75112,6.5M,1000000,Free,0,Everyone
"Learn to Speak English",EDUCATION,4.4,33646,7.0M,1000000,Free,0,Everyone
"Learn languages, grammar & vocabulary with Memrise",EDUCATION,4.7,1107903,"Varies with device",10000000,Free,0,Everyone
"Learn English with Wlingua",EDUCATION,4.7,314300,3.3M,10000000,Free,0,Everyone
"busuu: Learn Languages - Spanish, English & More",EDUCATION,4.3,206527,21M,10000000,Free,0,"Everyone 10+"
"My Class Schedule: Timetable",EDUCATION,4.1,9348,"Varies with device",1000000,Free,0,Everyone
"Study Checker",EDUCATION,4.2,3816,2.6M,500000,Free,0,Everyone
"My Study Life - School Planner",EDUCATION,4.3,47847,21M,1000000,Free,0,Everyone
HomeWork,EDUCATION,4.3,16195,5.2M,1000000,Free,0,Everyone
"Next Gen Science Standards",EDUCATION,4.3,206,18M,50000,Free,0,Everyone
"myHomework Student Planner",EDUCATION,4,28392,"Varies with device",1000000,Free,0,Everyone
"Teacher's Gradebook - Additio",EDUCATION,4.2,3241,16M,100000,Free,0,Everyone
"Common Core",EDUCATION,4,835,15M,100000,Free,0,Everyone
"Homework Planner",EDUCATION,4,2525,1.2M,100000,Free,0,Everyone
TeachersPayTeachers,EDUCATION,3.8,828,"Varies with device",100000,Free,0,Everyone
"Quizlet: Learn Languages & Vocab with Flashcards",EDUCATION,4.6,211856,"Varies with device",10000000,Free,0,Everyone
Edmodo,EDUCATION,4.1,200058,18M,10000000,Free,0,Everyone
"Socrative Teacher",EDUCATION,3.9,1239,1.8M,100000,Free,0,Everyone
"Training schedule - AllUniver",EDUCATION,4.1,702,7.6M,10000,Free,0,Everyone
"Remind: School Communication",EDUCATION,4.5,108613,"Varies with device",10000000,Free,0,Everyone
"Google Classroom",EDUCATION,4.2,69498,"Varies with device",10000000,Free,0,Everyone
ClassDojo,EDUCATION,4.4,148550,59M,10000000,Free,0,Everyone
"Duolingo: Learn Languages Free",EDUCATION,4.7,6290507,"Varies with device",100000000,Free,0,Everyone
"Lerni. Learn languages.",EDUCATION,4,3847,6.9M,500000,Free,0,Everyone
"Learn 50 languages",EDUCATION,4.4,55256,14M,5000000,Free,0,Everyone
"HelloTalk ‚Äî Chat, Speak & Learn Foreign Languages",EDUCATION,4.4,84309,41M,5000000,Free,0,Everyone
"Mango Languages: Lovable Language Courses",EDUCATION,4,4815,19M,500000,Free,0,Everyone
"Rosetta Stone: Learn to Speak & Read New Languages",EDUCATION,4.5,172508,76M,5000000,Free,0,Everyone
"Learn languages, grammar & vocabulary with Memrise",EDUCATION,4.7,1107948,"Varies with device",10000000,Free,0,Everyone
"Babbel ‚Äì Learn Languages",EDUCATION,4.3,266948,21M,10000000,Free,0,Everyone
"Innovative: Learn 34 Languages",EDUCATION,4.5,14206,21M,500000,Free,0,Everyone
"busuu: Learn Languages - Spanish, English & More",EDUCATION,4.3,206532,21M,10000000,Free,0,"Everyone 10+"
"My Class Schedule: Timetable",EDUCATION,4.1,9348,"Varies with device",1000000,Free,0,Everyone
"Chegg Study - Homework Help",EDUCATION,4.3,14700,21M,1000000,Free,0,Everyone
"Canvas Student",EDUCATION,4.5,42828,"Varies with device",1000000,Free,0,Everyone
Timetable,EDUCATION,4.2,40209,"Varies with device",1000000,Free,0,Everyone
"Socratic - Math Answers & Homework Help",EDUCATION,4.6,37862,5.4M,1000000,Free,0,Everyone
"EasyBib: Citation Generator",EDUCATION,3.5,1405,7.3M,100000,Free,0,Everyone
"Google Classroom",EDUCATION,4.2,69498,"Varies with device",10000000,Free,0,Everyone
ClassDojo,EDUCATION,4.4,148549,59M,10000000,Free,0,Everyone
"HelloTalk ‚Äî Chat, Speak & Learn Foreign Languages",EDUCATION,4.4,84311,41M,5000000,Free,0,Everyone
"Quizlet: Learn Languages & Vocab with Flashcards",EDUCATION,4.6,211856,"Varies with device",10000000,Free,0,Everyone
"busuu: Learn Languages - Spanish, English & More",EDUCATION,4.3,206532,21M,10000000,Free,0,"Everyone 10+"
"Rosetta Stone: Learn to Speak & Read New Languages",EDUCATION,4.5,172508,76M,5000000,Free,0,Everyone
"SoloLearn: Learn to Code for Free",EDUCATION,4.8,256079,7.6M,1000000,Free,0,Teen
"Kids Learn Languages by Mondly",EDUCATION,4.4,2078,"Varies with device",100000,Free,0,Everyone
"Blinkist - Nonfiction Books",EDUCATION,4.1,16103,13M,1000000,Free,0,Everyone
"Sago Mini Hat Maker",EDUCATION,4.9,11,63M,1000,Paid,3.99,Everyone
"Fuzzy Numbers: Pre-K Number Foundation",EDUCATION,4.7,21,44M,1000,Paid,5.99,Everyone
"Toca Life: City",EDUCATION,4.7,31085,24M,500000,Paid,3.99,Everyone
"Toca Life: Hospital",EDUCATION,4.7,3528,24M,100000,Paid,3.99,Everyone
Netflix,ENTERTAINMENT,4.4,5456208,"Varies with device",100000000,Free,0,Teen
"Complete Spanish Movies",ENTERTAINMENT,4,11656,4.5M,1000000,Free,0,Everyone
"Pluto TV - It‚Äôs Free TV",ENTERTAINMENT,4.2,28948,"Varies with device",1000000,Free,0,Teen
"Tubi TV - Free Movies & TV",ENTERTAINMENT,4.3,296771,11M,10000000,Free,0,Teen
"YouTube Kids",ENTERTAINMENT,4.5,470089,"Varies with device",50000000,Free,0,Everyone
"Mobile TV",ENTERTAINMENT,3.5,10939,4.6M,10000000,Free,0,Everyone
TV+,ENTERTAINMENT,4.2,98509,"Varies with device",5000000,Free,0,Everyone
"Digital TV",ENTERTAINMENT,3.1,5241,"Varies with device",5000000,Free,0,Everyone
"Motorola Spotlight Player‚Ñ¢",ENTERTAINMENT,4.6,22508,3.3M,10000000,Free,0,Everyone
"Vigo Lite",ENTERTAINMENT,4.2,10291,6.5M,5000000,Free,0,Teen
"Google Play Games",ENTERTAINMENT,4.3,7165362,"Varies with device",1000000000,Free,0,Teen
Hotstar,ENTERTAINMENT,4.3,4885646,"Varies with device",100000000,Free,0,Teen
"Peers.TV: broadcast TV channels First, Match TV, TNT ...",ENTERTAINMENT,4.1,141980,"Varies with device",5000000,Free,0,Teen
"The green alien dance",ENTERTAINMENT,3.8,6979,12M,1000000,Free,0,Everyone
"Spectrum TV",ENTERTAINMENT,3.4,46618,"Varies with device",5000000,Free,0,Teen
"H TV",ENTERTAINMENT,4.3,103078,5.6M,5000000,Free,0,Everyone
"StarTimes - Live International Champions Cup",ENTERTAINMENT,4.4,17682,9.7M,1000000,Free,0,Everyone
"Cinematic Cinematic",ENTERTAINMENT,4.4,37000,15M,1000000,Free,0,"Mature 17+"
"MEGOGO - Cinema and TV",ENTERTAINMENT,4,175528,"Varies with device",10000000,Free,0,Everyone
"Talking Angela",ENTERTAINMENT,3.7,1828284,52M,100000000,Free,0,Everyone
"DStv Now",ENTERTAINMENT,3.9,34923,"Varies with device",5000000,Free,0,Teen
"ivi - movies and TV shows in HD",ENTERTAINMENT,4.5,684116,"Varies with device",10000000,Free,0,Teen
"Radio Javan",ENTERTAINMENT,4.4,46916,4.5M,1000000,Free,0,Everyone
"Viki: Asian TV Dramas & Movies",ENTERTAINMENT,4.3,407698,"Varies with device",10000000,Free,0,Teen
"Talking Ginger 2",ENTERTAINMENT,4.2,702975,49M,50000000,Free,0,Everyone
"Girly Lock Screen Wallpaper with Quotes",ENTERTAINMENT,4.2,32458,18M,5000000,Free,0,Everyone
"No.Draw - Colors by Number 2018",ENTERTAINMENT,4.5,235496,13M,10000000,Free,0,Everyone
"üî• Football Wallpapers 4K | Full HD Backgrounds üòç",ENTERTAINMENT,4.7,11661,4.0M,1000000,Free,0,Everyone
"Movies by Flixster, with Rotten Tomatoes",ENTERTAINMENT,4.5,653008,16M,10000000,Free,0,Everyone
"Low Poly ‚Äì Puzzle art game",ENTERTAINMENT,4.5,23063,17M,1000000,Free,0,Everyone
"BBC Media Player",ENTERTAINMENT,3.4,87384,"Varies with device",10000000,Free,0,Everyone
"Amazon Prime Video",ENTERTAINMENT,4.2,411683,24M,50000000,Free,0,Teen
"Adult Glitter Color by Number Book - Sandbox Pages",ENTERTAINMENT,4.3,8918,"Varies with device",1000000,Free,0,Everyone
"IMDb Movies & TV",ENTERTAINMENT,4.2,501498,12M,100000000,Free,0,Teen
"Twitch: Livestream Multiplayer Games & Esports",ENTERTAINMENT,4.6,2133296,"Varies with device",50000000,Free,0,Teen
"Ziggo GO",ENTERTAINMENT,4.1,29690,78M,1000000,Free,0,Teen
"YouTube Gaming",ENTERTAINMENT,4.2,130549,"Varies with device",5000000,Free,0,Teen
"PlayStation App",ENTERTAINMENT,4.2,613059,25M,50000000,Free,0,Everyone
"Talking Ben the Dog",ENTERTAINMENT,4.3,1633682,57M,100000000,Free,0,Everyone
"Red Bull TV: Live Sports, Music & Entertainment",ENTERTAINMENT,4.4,42050,"Varies with device",1000000,Free,0,Teen
"Trailer Addict Movie Trailers",ENTERTAINMENT,3.9,2646,9.1M,100000,Free,0,Teen
"Cinemark Theatres",ENTERTAINMENT,4.1,21867,39M,1000000,Free,0,Teen
"Regal Cinemas",ENTERTAINMENT,4.3,32732,"Varies with device",1000000,Free,0,Everyone
"Movies by Flixster, with Rotten Tomatoes",ENTERTAINMENT,4.5,653008,16M,10000000,Free,0,Everyone
"Fandango Movies - Times + Tickets",ENTERTAINMENT,4.6,243747,"Varies with device",10000000,Free,0,Teen
"Marcus Theatres",ENTERTAINMENT,3.6,2639,8.5M,100000,Free,0,Everyone
"Harkins Theatres",ENTERTAINMENT,4.3,1511,12M,100000,Free,0,Everyone
"AMC Theatres",ENTERTAINMENT,4.3,44550,72M,1000000,Free,0,Everyone
"IMDb Movies & TV",ENTERTAINMENT,4.2,501497,12M,100000000,Free,0,Teen
Netflix,ENTERTAINMENT,4.4,5456208,"Varies with device",100000000,Free,0,Teen
"Food Network",ENTERTAINMENT,4.1,7813,"Varies with device",500000,Free,0,Teen
"Cooking Channel",ENTERTAINMENT,4.1,1033,16M,100000,Free,0,Teen
"Animal Planet GO",ENTERTAINMENT,4.2,2442,9.6M,100000,Free,0,Teen
"VRV: Anime, game videos & more",ENTERTAINMENT,3.9,15254,"Varies with device",1000000,Free,0,Teen
"DramaFever: Stream Asian Drama Shows & Movies",ENTERTAINMENT,4.2,155234,22M,1000000,Free,0,Teen
"Crunchyroll - Everything Anime",ENTERTAINMENT,3.7,310066,"Varies with device",10000000,Free,0,Teen
"Investigation Discovery GO",ENTERTAINMENT,4.5,12216,13M,1000000,Free,0,Teen
"Crackle - Free TV & Movies",ENTERTAINMENT,3.7,388089,"Varies with device",10000000,Free,0,Teen
"CBS - Full Episodes & Live TV",ENTERTAINMENT,3.8,92058,12M,10000000,Free,0,Teen
STARZ,ENTERTAINMENT,4.3,88185,"Varies with device",10000000,Free,0,"Mature 17+"
"Acorn TV: World-class TV from Britain and Beyond",ENTERTAINMENT,3,493,23M,50000,Free,0,Everyone
"HISTORY: Watch TV Show Full Episodes & Specials",ENTERTAINMENT,4.1,33387,20M,1000000,Free,0,Teen
Nick,ENTERTAINMENT,4.2,123279,25M,10000000,Free,0,"Everyone 10+"
VH1,ENTERTAINMENT,4.1,27424,17M,1000000,Free,0,Teen
"FOX NOW - On Demand & Live TV",ENTERTAINMENT,3.9,60841,"Varies with device",5000000,Free,0,Teen
"A&E - Watch Full Episodes of TV Shows",ENTERTAINMENT,4,29706,19M,1000000,Free,0,Teen
"The CW",ENTERTAINMENT,4.4,288150,21M,5000000,Free,0,Teen
"BET NOW - Watch Shows",ENTERTAINMENT,4.2,14807,19M,1000000,Free,0,Teen
"Hulu: Stream TV, Movies & more",ENTERTAINMENT,4,319692,"Varies with device",10000000,Free,0,Teen
"HBO NOW: Stream TV & Movies",ENTERTAINMENT,3.9,61201,"Varies with device",10000000,Free,0,Teen
"Univision NOW - Live TV and On Demand",ENTERTAINMENT,4,22998,"Varies with device",1000000,Free,0,Teen
SHOWTIME,ENTERTAINMENT,4.2,12398,"Varies with device",1000000,Free,0,Teen
"Lifetime - Watch Full Episodes & Original Movies",ENTERTAINMENT,4,35928,19M,1000000,Free,0,Teen
"SeriesGuide ‚Äì Show & Movie Manager",ENTERTAINMENT,4.3,64448,4.4M,1000000,Free,0,"Mature 17+"
"Comedy Central",ENTERTAINMENT,3.9,22378,19M,1000000,Free,0,Teen
"IMDb Movies & TV",ENTERTAINMENT,4.2,501498,12M,100000000,Free,0,Teen
Netflix,ENTERTAINMENT,4.4,5456599,"Varies with device",100000000,Free,0,Teen
"Tubi TV - Free Movies & TV",ENTERTAINMENT,4.3,296829,11M,10000000,Free,0,Teen
"Crunchyroll - Everything Anime",ENTERTAINMENT,3.7,310095,"Varies with device",10000000,Free,0,Teen
STARZ,ENTERTAINMENT,4.3,88185,"Varies with device",10000000,Free,0,"Mature 17+"
"Crackle - Free TV & Movies",ENTERTAINMENT,3.7,388089,"Varies with device",10000000,Free,0,Teen
"CBS - Full Episodes & Live TV",ENTERTAINMENT,3.8,92058,12M,10000000,Free,0,Teen
Nick,ENTERTAINMENT,4.2,123279,25M,10000000,Free,0,"Everyone 10+"
"Hulu: Stream TV, Movies & more",ENTERTAINMENT,4,319691,"Varies with device",10000000,Free,0,Teen
"FOX NOW - On Demand & Live TV",ENTERTAINMENT,3.9,60841,"Varies with device",5000000,Free,0,Teen
"The CW",ENTERTAINMENT,4.4,288150,21M,5000000,Free,0,Teen
"CW Seed",ENTERTAINMENT,4.5,16372,13M,500000,Free,0,Teen
"The NBC App - Watch Live TV and Full Episodes",ENTERTAINMENT,4.1,58028,17M,5000000,Free,0,Teen
"HISTORY: Watch TV Show Full Episodes & Specials",ENTERTAINMENT,4.1,33387,20M,1000000,Free,0,Teen
"HBO NOW: Stream TV & Movies",ENTERTAINMENT,3.9,61201,"Varies with device",10000000,Free,0,Teen
WWE,ENTERTAINMENT,4.5,736864,20M,10000000,Free,0,Teen
"A&E - Watch Full Episodes of TV Shows",ENTERTAINMENT,4,29706,19M,1000000,Free,0,Teen
VH1,ENTERTAINMENT,4.1,27424,17M,1000000,Free,0,Teen
"Universal Kids",ENTERTAINMENT,3.6,1968,21M,500000,Free,0,Everyone
MTV,ENTERTAINMENT,3.8,35279,15M,1000000,Free,0,Teen
"Lifetime - Watch Full Episodes & Original Movies",ENTERTAINMENT,4,35931,19M,1000000,Free,0,Teen
"BET NOW - Watch Shows",ENTERTAINMENT,4.2,14807,19M,1000000,Free,0,Teen
"LEGO¬Æ TV",ENTERTAINMENT,3.7,17247,7.2M,1000000,Free,0,"Everyone 10+"
"HBO GO: Stream with TV Package",ENTERTAINMENT,3.8,87723,32M,10000000,Free,0,Teen
"Showtime Anytime",ENTERTAINMENT,3.7,18523,"Varies with device",1000000,Free,0,Teen
"PlayKids - Educational cartoons and games for kids",ENTERTAINMENT,4.1,182103,"Varies with device",10000000,Free,0,Everyone
FOX,ENTERTAINMENT,3.7,197774,44M,10000000,Free,0,"Mature 17+"
"Telemundo Now",ENTERTAINMENT,3.9,8674,19M,1000000,Free,0,Teen
Netflix,ENTERTAINMENT,4.4,5456708,"Varies with device",100000000,Free,0,Teen
"Tubi TV - Free Movies & TV",ENTERTAINMENT,4.3,296771,11M,10000000,Free,0,Teen
"Vudu Movies & TV",ENTERTAINMENT,3.9,58082,"Varies with device",10000000,Free,0,Teen
"Crackle - Free TV & Movies",ENTERTAINMENT,3.7,388089,"Varies with device",10000000,Free,0,Teen
"Crunchyroll - Everything Anime",ENTERTAINMENT,3.7,310066,"Varies with device",10000000,Free,0,Teen
Nick,ENTERTAINMENT,4.2,123279,25M,10000000,Free,0,"Everyone 10+"
STARZ,ENTERTAINMENT,4.3,88185,"Varies with device",10000000,Free,0,"Mature 17+"
"Hulu: Stream TV, Movies & more",ENTERTAINMENT,4,319691,"Varies with device",10000000,Free,0,Teen
"Food Network",ENTERTAINMENT,4.1,7813,"Varies with device",500000,Free,0,Teen
"FOX NOW - On Demand & Live TV",ENTERTAINMENT,3.9,60841,"Varies with device",5000000,Free,0,Teen
"Movies by Flixster, with Rotten Tomatoes",ENTERTAINMENT,4.5,653008,16M,10000000,Free,0,Everyone
"Yidio: TV Show & Movie Guide",ENTERTAINMENT,3.9,27424,"Varies with device",1000000,Free,0,Teen
"HISTORY: Watch TV Show Full Episodes & Specials",ENTERTAINMENT,4.1,33387,20M,1000000,Free,0,Teen
"Viki: Asian TV Dramas & Movies",ENTERTAINMENT,4.3,407719,"Varies with device",10000000,Free,0,Teen
"The CW",ENTERTAINMENT,4.4,288150,21M,5000000,Free,0,Teen
Redbox,ENTERTAINMENT,4.1,115033,30M,10000000,Free,0,Everyone
"Univision NOW - Live TV and On Demand",ENTERTAINMENT,4,22997,"Varies with device",1000000,Free,0,Teen
"HBO NOW: Stream TV & Movies",ENTERTAINMENT,3.9,61201,"Varies with device",10000000,Free,0,Teen
"Tribeca Shortlist - Handpicked Movies",ENTERTAINMENT,3.9,801,57M,100000,Free,0,Teen
"A&E - Watch Full Episodes of TV Shows",ENTERTAINMENT,4,29706,19M,1000000,Free,0,Teen
VH1,ENTERTAINMENT,4.1,27424,17M,1000000,Free,0,Teen
SHOWTIME,ENTERTAINMENT,4.2,12398,"Varies with device",1000000,Free,0,Teen
MTV,ENTERTAINMENT,3.8,35279,15M,1000000,Free,0,Teen
"Lifetime - Watch Full Episodes & Original Movies",ENTERTAINMENT,4,35931,19M,1000000,Free,0,Teen
"Comedy Central",ENTERTAINMENT,3.9,22378,19M,1000000,Free,0,Teen
"BET NOW - Watch Shows",ENTERTAINMENT,4.2,14807,19M,1000000,Free,0,Teen
FOX,ENTERTAINMENT,3.7,197774,44M,10000000,Free,0,"Mature 17+"
"Telemundo Now",ENTERTAINMENT,3.9,8674,19M,1000000,Free,0,Teen
"Nick Jr. - Shows & Games",ENTERTAINMENT,4.2,8968,35M,1000000,Free,0,Everyone
"Sticker Market: Emoji keyboard",ENTERTAINMENT,4.3,303,44M,10000,Free,0,Teen
"Viki: Asian TV Dramas & Movies",ENTERTAINMENT,4.3,407719,"Varies with device",10000000,Free,0,Teen
"Kidjo TV Kids Have Fun & Learn",ENTERTAINMENT,4.6,732,"Varies with device",100000,Free,0,Everyone
"Laugh Out Loud by Kevin Hart",ENTERTAINMENT,4.3,1856,20M,100000,Free,0,Teen
"ColorFul - Adult Coloring Book",ENTERTAINMENT,4.6,50725,19M,5000000,Free,0,Everyone
Nick,ENTERTAINMENT,4.2,123279,25M,10000000,Free,0,"Everyone 10+"
"Fandango Movies - Times + Tickets",ENTERTAINMENT,4.6,243747,"Varies with device",10000000,Free,0,Teen
"Hamilton ‚Äî The Official App",ENTERTAINMENT,4.5,1575,43M,100000,Free,0,Everyone
"My Talking Pet",ENTERTAINMENT,4.6,6238,"Varies with device",100000,Paid,4.99,Everyone
"Funny Pics",ENTERTAINMENT,3.9,9941,"Varies with device",1000000,Free,0,Teen
"Funny Quotes Free",ENTERTAINMENT,4.2,23666,3.6M,1000000,Free,0,Teen
"LOL Pics (Funny Pictures)",ENTERTAINMENT,4.4,67554,7.7M,1000000,Free,0,Teen
"Meme Creator",ENTERTAINMENT,4.2,38769,44M,1000000,Free,0,"Mature 17+"
